category,term,number_of_genes,number_of_genes_in_background,ncbiTaxonId,inputGenes,preferredNames,p_value,fdr,description
COMPARTMENTS,GOCC:0043514,10,24,9606,"CCL2,IL2,IL4,IL5,IL1B,IL13,CXCL10,CXCL8,IL6,TNF","CCL2,IL2,IL4,IL5,IL1B,IL13,CXCL10,CXCL8,IL6,TNF",5.36e-26,1.23e-22,interleukin-12 complex
COMPARTMENTS,GOCC:0099126,7,20,9606,"TGFB1,IL2,IL4,IL1B,IL13,IL6,TNF","TGFB1,IL2,IL4,IL1B,IL13,IL6,TNF",1.32e-17,1.52e-14,Transforming growth factor beta complex
COMPARTMENTS,GOCC:0070743,6,15,9606,"IL2,IL4,IL1B,IL13,IL6,TNF","IL2,IL4,IL1B,IL13,IL6,TNF",1.99e-15,1.53e-12,interleukin-23 complex
COMPARTMENTS,GOCC:0005576,14,2079,9606,"TGFB1,CCL2,IL2,IL4,IL5,IL1RN,IL1B,IL9,CCL11,IL13,CXCL10,CXCL8,IL6,TNF","TGFB1,CCL2,IL2,IL4,IL5,IL1RN,IL1B,IL9,CCL11,IL13,CXCL10,CXCL8,IL6,TNF",2.22e-14,1.28e-11,Extracellular region
COMPARTMENTS,GOCC:0005615,12,1027,9606,"TGFB1,CCL2,IL2,IL4,IL5,IL1RN,IL1B,IL13,CXCL10,CXCL8,IL6,TNF","TGFB1,CCL2,IL2,IL4,IL5,IL1RN,IL1B,IL13,CXCL10,CXCL8,IL6,TNF",3.57e-14,1.64e-11,Extracellular space
COMPARTMENTS,GOCC:0019814,6,49,9606,"IL2,IL4,IL5,IL13,IL6,TNF","IL2,IL4,IL5,IL13,IL6,TNF",1.05e-12,4.03e-10,Immunoglobulin complex
COMPARTMENTS,GOCC:0098802,8,255,9606,"TGFB1,IL2,IL4,IL5,IL1B,IL9,IL13,IL6","TGFB1,IL2,IL4,IL5,IL1B,IL9,IL13,IL6",2.53e-12,8.31e-10,Plasma membrane signaling receptor complex
COMPARTMENTS,GOCC:0071159,5,26,9606,"CCL2,IL1B,CXCL8,IL6,TNF","CCL2,IL1B,CXCL8,IL6,TNF",1.36e-11,3.91e-09,NF-kappaB complex
COMPARTMENTS,GOCC:0005887,9,792,9606,"TGFB1,IL2,IL4,IL5,IL1B,IL9,IL13,IL6,TNF","TGFB1,IL2,IL4,IL5,IL1B,IL9,IL13,IL6,TNF",4.82e-10,9.23e-08,Integral component of plasma membrane
COMPARTMENTS,GOCC:0071735,4,14,9606,"IL2,IL4,IL5,TNF","IL2,IL4,IL5,TNF",4.84e-10,9.23e-08,IgG immunoglobulin complex
COMPARTMENTS,GOCC:1903958,3,9,9606,"IL1B,IL6,TNF","IL1B,IL6,TNF",6.25e-08,8.99e-06,Nitric-oxide synthase complex
COMPARTMENTS,GOCC:0070701,3,12,9606,"IL4,IL5,IL13","IL4,IL5,IL13",1.29e-07,1.75e-05,Mucus layer
COMPARTMENTS,GOCC:0071742,3,13,9606,"IL4,IL5,IL13","IL4,IL5,IL13",1.59e-07,1.92e-05,IgE immunoglobulin complex
COMPARTMENTS,GOCC:0071745,3,13,9606,"IL4,IL5,IL6","IL4,IL5,IL6",1.59e-07,1.92e-05,IgA immunoglobulin complex
COMPARTMENTS,GOCC:0005618,3,25,9606,"IL1B,IL6,TNF","IL1B,IL6,TNF",9.24e-07,9.67e-05,Cell wall
COMPARTMENTS,GOCC:0032991,12,5325,9606,"TGFB1,CCL2,IL2,IL4,IL5,IL1B,IL9,IL13,CXCL10,CXCL8,IL6,TNF","TGFB1,CCL2,IL2,IL4,IL5,IL1B,IL9,IL13,CXCL10,CXCL8,IL6,TNF",7.88e-06,0.00076,Protein-containing complex
COMPARTMENTS,GOCC:0016516,2,5,9606,"IL4,IL13","IL4,IL13",9.82e-06,0.0009,interleukin-4 receptor complex
COMPARTMENTS,GOCC:0030312,4,259,9606,"TGFB1,IL1B,IL6,TNF","TGFB1,IL1B,IL6,TNF",2.79e-05,0.0025,External encapsulating structure
COMPARTMENTS,GOCC:0019815,2,17,9606,"IL4,IL5","IL4,IL5",7.95e-05,0.0068,B cell receptor complex
COMPARTMENTS,GOCC:0061702,2,20,9606,"IL1B,IL6","IL1B,IL6",0.00011,0.0088,Inflammasome complex
Process,GO:0006954,13,538,9606,"TGFB1,CCL2,IL4,IL5,IL1RN,IL1B,IL9,CCL11,IL13,CXCL10,CXCL8,IL6,TNF","TGFB1,CCL2,IL4,IL5,IL1RN,IL1B,IL9,CCL11,IL13,CXCL10,CXCL8,IL6,TNF",7.55e-20,1.18e-15,Inflammatory response
Process,GO:0006955,14,1321,9606,"TGFB1,CCL2,IL2,IL4,IL5,IL1RN,IL1B,IL9,CCL11,IL13,CXCL10,CXCL8,IL6,TNF","TGFB1,CCL2,IL2,IL4,IL5,IL1RN,IL1B,IL9,CCL11,IL13,CXCL10,CXCL8,IL6,TNF",4e-17,3.14e-13,Immune response
Process,GO:0002637,7,76,9606,"TGFB1,IL2,IL4,IL5,IL13,IL6,TNF","TGFB1,IL2,IL4,IL5,IL13,IL6,TNF",6.07e-14,1.9e-10,Regulation of immunoglobulin production
Process,GO:0042127,13,1669,9606,"TGFB1,CCL2,IL2,IL4,IL5,IL1B,IL9,CCL11,IL13,CXCL10,CXCL8,IL6,TNF","TGFB1,CCL2,IL2,IL4,IL5,IL1B,IL9,CCL11,IL13,CXCL10,CXCL8,IL6,TNF",1.57e-13,4.1e-10,Regulation of cell population proliferation
Process,GO:0002700,8,189,9606,"TGFB1,IL2,IL4,IL5,IL1B,IL13,IL6,TNF","TGFB1,IL2,IL4,IL5,IL1B,IL13,IL6,TNF",2.46e-13,5.51e-10,Regulation of production of molecular mediator of immune response
Process,GO:0002684,11,874,9606,"TGFB1,CCL2,IL2,IL4,IL5,IL1B,IL13,CXCL10,CXCL8,IL6,TNF","TGFB1,CCL2,IL2,IL4,IL5,IL1B,IL13,CXCL10,CXCL8,IL6,TNF",4.52e-13,8.86e-10,Positive regulation of immune system process
Process,GO:0002696,9,384,9606,"TGFB1,CCL2,IL2,IL4,IL5,IL1B,IL13,IL6,TNF","TGFB1,CCL2,IL2,IL4,IL5,IL1B,IL13,IL6,TNF",8.33e-13,1.45e-09,Positive regulation of leukocyte activation
Process,GO:0008284,11,945,9606,"TGFB1,IL2,IL4,IL5,IL1B,IL9,CCL11,IL13,CXCL10,IL6,TNF","TGFB1,IL2,IL4,IL5,IL1B,IL9,CCL11,IL13,CXCL10,IL6,TNF",1.05e-12,1.65e-09,Positive regulation of cell population proliferation
Process,GO:0002639,6,53,9606,"TGFB1,IL2,IL4,IL5,IL13,IL6","TGFB1,IL2,IL4,IL5,IL13,IL6",1.63e-12,2.13e-09,Positive regulation of immunoglobulin production
Process,GO:0001775,10,693,9606,"TGFB1,IL2,IL4,IL1B,IL9,IL13,CXCL10,CXCL8,IL6,TNF","TGFB1,IL2,IL4,IL1B,IL9,IL13,CXCL10,CXCL8,IL6,TNF",2.75e-12,3.32e-09,Cell activation
Process,GO:0002699,8,264,9606,"TGFB1,IL2,IL4,IL5,IL1B,IL13,IL6,TNF","TGFB1,IL2,IL4,IL5,IL1B,IL13,IL6,TNF",3.31e-12,3.32e-09,Positive regulation of immune effector process
Process,GO:0002702,7,135,9606,"TGFB1,IL2,IL4,IL5,IL1B,IL13,IL6","TGFB1,IL2,IL4,IL5,IL1B,IL13,IL6",2.85e-12,3.32e-09,Positive regulation of production of molecular mediator of immune response
Process,GO:0050730,8,259,9606,"TGFB1,IL2,IL4,IL5,IL9,IL13,IL6,TNF","TGFB1,IL2,IL4,IL5,IL9,IL13,IL6,TNF",2.86e-12,3.32e-09,Regulation of peptidyl-tyrosine phosphorylation
Process,GO:0032496,8,314,9606,"TGFB1,CCL2,IL1B,IL13,CXCL10,CXCL8,IL6,TNF","TGFB1,CCL2,IL1B,IL13,CXCL10,CXCL8,IL6,TNF",1.28e-11,1.18e-08,Response to lipopolysaccharide
Process,GO:0051251,8,336,9606,"TGFB1,CCL2,IL2,IL4,IL5,IL1B,IL13,IL6","TGFB1,CCL2,IL2,IL4,IL5,IL1B,IL13,IL6",2.17e-11,1.79e-08,Positive regulation of lymphocyte activation
Process,GO:1904892,6,85,9606,"TGFB1,IL4,IL5,IL9,IL6,TNF","TGFB1,IL4,IL5,IL9,IL6,TNF",2.39e-11,1.87e-08,Regulation of receptor signaling pathway via STAT
Process,GO:0050731,7,194,9606,"TGFB1,IL2,IL4,IL5,IL13,IL6,TNF","TGFB1,IL2,IL4,IL5,IL13,IL6,TNF",3.33e-11,2.49e-08,Positive regulation of peptidyl-tyrosine phosphorylation
Process,GO:0071222,7,195,9606,"TGFB1,CCL2,IL1B,CXCL10,CXCL8,IL6,TNF","TGFB1,CCL2,IL1B,CXCL10,CXCL8,IL6,TNF",3.45e-11,2.49e-08,Cellular response to lipopolysaccharide
Process,GO:0050871,6,92,9606,"TGFB1,IL2,IL4,IL5,IL13,IL6","TGFB1,IL2,IL4,IL5,IL13,IL6",3.76e-11,2.56e-08,Positive regulation of B cell activation
Process,GO:0019221,8,369,9606,"CCL2,IL5,IL1B,CCL11,CXCL10,CXCL8,IL6,TNF","CCL2,IL5,IL1B,CCL11,CXCL10,CXCL8,IL6,TNF",4.52e-11,2.83e-08,Cytokine-mediated signaling pathway
Process,GO:2000026,11,1389,9606,"TGFB1,IL2,IL4,IL5,IL1B,CCL11,IL13,CXCL10,CXCL8,IL6,TNF","TGFB1,IL2,IL4,IL5,IL1B,CCL11,IL13,CXCL10,CXCL8,IL6,TNF",6.66e-11,3.73e-08,Regulation of multicellular organismal development
Process,GO:0032101,10,964,9606,"TGFB1,CCL2,IL2,IL4,IL1B,IL13,CXCL10,CXCL8,IL6,TNF","TGFB1,CCL2,IL2,IL4,IL1B,IL13,CXCL10,CXCL8,IL6,TNF",6.92e-11,3.74e-08,Regulation of response to external stimulus
Process,GO:0002824,6,110,9606,"TGFB1,IL2,IL4,IL1B,IL6,TNF","TGFB1,IL2,IL4,IL1B,IL6,TNF",1.05e-10,5.16e-08,Positive regulation of adaptive immune response based on somatic recombination of immune receptors built from immunoglobulin superfamily domains
Process,GO:0002685,7,231,9606,"TGFB1,CCL2,IL4,CXCL10,CXCL8,IL6,TNF","TGFB1,CCL2,IL4,CXCL10,CXCL8,IL6,TNF",1.09e-10,5.2e-08,Regulation of leukocyte migration
Process,GO:0002703,7,239,9606,"TGFB1,IL2,IL4,IL1B,IL13,IL6,TNF","TGFB1,IL2,IL4,IL1B,IL13,IL6,TNF",1.38e-10,6.05e-08,Regulation of leukocyte mediated immunity
Process,GO:0045596,9,685,9606,"TGFB1,IL2,IL4,IL1B,CCL11,IL13,CXCL10,IL6,TNF","TGFB1,IL2,IL4,IL1B,CCL11,IL13,CXCL10,IL6,TNF",1.35e-10,6.05e-08,Negative regulation of cell differentiation
Process,GO:0002708,6,116,9606,"TGFB1,IL2,IL4,IL1B,IL6,TNF","TGFB1,IL2,IL4,IL1B,IL6,TNF",1.43e-10,6.07e-08,Positive regulation of lymphocyte mediated immunity
Process,GO:0050670,7,242,9606,"TGFB1,IL2,IL4,IL5,IL1B,IL13,IL6","TGFB1,IL2,IL4,IL5,IL1B,IL13,IL6",1.5e-10,6.07e-08,Regulation of lymphocyte proliferation
Process,GO:0051240,11,1505,9606,"TGFB1,IL2,IL4,IL5,IL1B,IL9,CCL11,IL13,CXCL8,IL6,TNF","TGFB1,IL2,IL4,IL5,IL1B,IL9,CCL11,IL13,CXCL8,IL6,TNF",1.58e-10,6.18e-08,Positive regulation of multicellular organismal process
Process,GO:0048583,14,3931,9606,"TGFB1,CCL2,IL2,IL4,IL5,IL1RN,IL1B,IL9,CCL11,IL13,CXCL10,CXCL8,IL6,TNF","TGFB1,CCL2,IL2,IL4,IL5,IL1RN,IL1B,IL9,CCL11,IL13,CXCL10,CXCL8,IL6,TNF",1.62e-10,6.2e-08,Regulation of response to stimulus
Process,GO:0050900,7,249,9606,"CCL2,IL1B,CCL11,CXCL10,CXCL8,IL6,TNF","CCL2,IL1B,CCL11,CXCL10,CXCL8,IL6,TNF",1.82e-10,6.65e-08,Leukocyte migration
Process,GO:0071345,9,711,9606,"CCL2,IL5,IL1B,CCL11,IL13,CXCL10,CXCL8,IL6,TNF","CCL2,IL5,IL1B,CCL11,IL13,CXCL10,CXCL8,IL6,TNF",1.87e-10,6.67e-08,Cellular response to cytokine stimulus
Process,GO:0048584,12,2131,9606,"TGFB1,CCL2,IL2,IL4,IL5,IL1B,CCL11,IL13,CXCL10,CXCL8,IL6,TNF","TGFB1,CCL2,IL2,IL4,IL5,IL1B,CCL11,IL13,CXCL10,CXCL8,IL6,TNF",1.95e-10,6.81e-08,Positive regulation of response to stimulus
Process,GO:0032103,8,453,9606,"TGFB1,IL2,IL4,IL1B,CXCL10,CXCL8,IL6,TNF","TGFB1,IL2,IL4,IL1B,CXCL10,CXCL8,IL6,TNF",2.24e-10,7.62e-08,Positive regulation of response to external stimulus
Process,GO:1904894,5,49,9606,"TGFB1,IL4,IL5,IL6,TNF","TGFB1,IL4,IL5,IL6,TNF",2.51e-10,8.36e-08,Positive regulation of receptor signaling pathway via STAT
Process,GO:0048585,11,1612,9606,"TGFB1,CCL2,IL2,IL4,IL1RN,IL1B,IL9,IL13,CXCL8,IL6,TNF","TGFB1,CCL2,IL2,IL4,IL1RN,IL1B,IL9,IL13,CXCL8,IL6,TNF",3.29e-10,1.06e-07,Negative regulation of response to stimulus
Process,GO:0001819,8,482,9606,"TGFB1,IL2,IL4,IL1B,IL9,IL13,IL6,TNF","TGFB1,IL2,IL4,IL1B,IL9,IL13,IL6,TNF",3.63e-10,1.1e-07,Positive regulation of cytokine production
Process,GO:0022407,8,480,9606,"TGFB1,CCL2,IL2,IL4,IL1RN,IL1B,IL6,TNF","TGFB1,CCL2,IL2,IL4,IL1RN,IL1B,IL6,TNF",3.51e-10,1.1e-07,Regulation of cell-cell adhesion
Process,GO:1903039,7,274,9606,"TGFB1,CCL2,IL2,IL4,IL1B,IL6,TNF","TGFB1,CCL2,IL2,IL4,IL1B,IL6,TNF",3.5e-10,1.1e-07,Positive regulation of leukocyte cell-cell adhesion
Process,GO:0010628,10,1146,9606,"TGFB1,IL2,IL4,IL5,IL1B,IL9,IL13,CXCL8,IL6,TNF","TGFB1,IL2,IL4,IL5,IL1B,IL9,IL13,CXCL8,IL6,TNF",3.73e-10,1.11e-07,Positive regulation of gene expression
Process,GO:0097529,6,138,9606,"CCL2,IL1B,CCL11,CXCL10,CXCL8,IL6","CCL2,IL1B,CCL11,CXCL10,CXCL8,IL6",3.92e-10,1.14e-07,Myeloid leukocyte migration
Process,GO:0065009,13,3085,9606,"TGFB1,CCL2,IL2,IL4,IL5,IL1RN,IL1B,IL9,CCL11,IL13,CXCL10,IL6,TNF","TGFB1,CCL2,IL2,IL4,IL5,IL1RN,IL1B,IL9,CCL11,IL13,CXCL10,IL6,TNF",4.18e-10,1.17e-07,Regulation of molecular function
Process,GO:0030155,9,784,9606,"TGFB1,CCL2,IL2,IL4,IL1RN,IL1B,CXCL8,IL6,TNF","TGFB1,CCL2,IL2,IL4,IL1RN,IL1B,CXCL8,IL6,TNF",4.41e-10,1.19e-07,Regulation of cell adhesion
Process,GO:0050671,6,147,9606,"IL2,IL4,IL5,IL1B,IL13,IL6","IL2,IL4,IL5,IL1B,IL13,IL6",5.65e-10,1.45e-07,Positive regulation of lymphocyte proliferation
Process,GO:0030595,6,149,9606,"CCL2,IL1B,CCL11,CXCL10,CXCL8,IL6","CCL2,IL1B,CCL11,CXCL10,CXCL8,IL6",6.11e-10,1.55e-07,Leukocyte chemotaxis
Process,GO:0002687,6,151,9606,"TGFB1,IL4,CXCL10,CXCL8,IL6,TNF","TGFB1,IL4,CXCL10,CXCL8,IL6,TNF",6.61e-10,1.62e-07,Positive regulation of leukocyte migration
Process,GO:0033993,9,827,9606,"TGFB1,CCL2,IL1RN,IL1B,IL13,CXCL10,CXCL8,IL6,TNF","TGFB1,CCL2,IL1RN,IL1B,IL13,CXCL10,CXCL8,IL6,TNF",7.03e-10,1.7e-07,Response to lipid
Process,GO:0030335,8,529,9606,"TGFB1,IL4,IL1B,CCL11,CXCL10,CXCL8,IL6,TNF","TGFB1,IL4,IL1B,CCL11,CXCL10,CXCL8,IL6,TNF",7.49e-10,1.78e-07,Positive regulation of cell migration
Process,GO:0042531,5,65,9606,"IL2,IL4,IL13,IL6,TNF","IL2,IL4,IL13,IL6,TNF",9.53e-10,2.23e-07,Positive regulation of tyrosine phosphorylation of STAT protein
Process,GO:0050793,12,2492,9606,"TGFB1,CCL2,IL2,IL4,IL5,IL1B,CCL11,IL13,CXCL10,CXCL8,IL6,TNF","TGFB1,CCL2,IL2,IL4,IL5,IL1B,CCL11,IL13,CXCL10,CXCL8,IL6,TNF",1.22e-09,2.7e-07,Regulation of developmental process
Process,GO:0045321,8,574,9606,"TGFB1,IL2,IL4,IL9,IL13,CXCL8,IL6,TNF","TGFB1,IL2,IL4,IL9,IL13,CXCL8,IL6,TNF",1.41e-09,3e-07,Leukocyte activation
Process,GO:0051707,10,1328,9606,"TGFB1,CCL2,IL4,IL1B,CCL11,IL13,CXCL10,CXCL8,IL6,TNF","TGFB1,CCL2,IL4,IL1B,CCL11,IL13,CXCL10,CXCL8,IL6,TNF",1.56e-09,3.27e-07,Response to other organism
Process,GO:0051094,10,1332,9606,"TGFB1,IL2,IL4,IL5,IL1B,CCL11,IL13,CXCL8,IL6,TNF","TGFB1,IL2,IL4,IL5,IL1B,CCL11,IL13,CXCL8,IL6,TNF",1.61e-09,3.3e-07,Positive regulation of developmental process
Process,GO:0030334,9,927,9606,"TGFB1,CCL2,IL4,IL1B,CCL11,CXCL10,CXCL8,IL6,TNF","TGFB1,CCL2,IL4,IL1B,CCL11,CXCL10,CXCL8,IL6,TNF",1.91e-09,3.74e-07,Regulation of cell migration
Process,GO:0046425,5,78,9606,"IL4,IL5,IL9,IL6,TNF","IL4,IL5,IL9,IL6,TNF",2.28e-09,4.2e-07,Regulation of receptor signaling pathway via JAK-STAT
Process,GO:0030593,5,80,9606,"CCL2,IL1B,CCL11,CXCL10,CXCL8","CCL2,IL1B,CCL11,CXCL10,CXCL8",2.57e-09,4.68e-07,Neutrophil chemotaxis
Process,GO:0010033,12,2692,9606,"TGFB1,CCL2,IL2,IL5,IL1RN,IL1B,CCL11,IL13,CXCL10,CXCL8,IL6,TNF","TGFB1,CCL2,IL2,IL5,IL1RN,IL1B,CCL11,IL13,CXCL10,CXCL8,IL6,TNF",3.02e-09,5.32e-07,Response to organic substance
Process,GO:0098542,9,989,9606,"TGFB1,CCL2,IL4,IL1B,CCL11,CXCL10,CXCL8,IL6,TNF","TGFB1,CCL2,IL4,IL1B,CCL11,CXCL10,CXCL8,IL6,TNF",3.35e-09,5.79e-07,Defense response to other organism
Process,GO:0051239,12,2749,9606,"TGFB1,IL2,IL4,IL5,IL1B,IL9,CCL11,IL13,CXCL10,CXCL8,IL6,TNF","TGFB1,IL2,IL4,IL5,IL1B,IL9,CCL11,IL13,CXCL10,CXCL8,IL6,TNF",3.86e-09,6.5e-07,Regulation of multicellular organismal process
Process,GO:0042981,10,1462,9606,"TGFB1,CCL2,IL2,IL4,IL1B,IL9,IL13,CXCL10,IL6,TNF","TGFB1,CCL2,IL2,IL4,IL1B,IL9,IL13,CXCL10,IL6,TNF",3.97e-09,6.62e-07,Regulation of apoptotic process
Process,GO:0007166,11,2040,9606,"TGFB1,CCL2,IL2,IL4,IL5,IL1B,CCL11,CXCL10,CXCL8,IL6,TNF","TGFB1,CCL2,IL2,IL4,IL5,IL1B,CCL11,CXCL10,CXCL8,IL6,TNF",4.08e-09,6.73e-07,Cell surface receptor signaling pathway
Process,GO:0051241,9,1035,9606,"TGFB1,IL2,IL4,IL1B,CCL11,IL13,CXCL10,IL6,TNF","TGFB1,IL2,IL4,IL1B,CCL11,IL13,CXCL10,IL6,TNF",4.99e-09,7.74e-07,Negative regulation of multicellular organismal process
Process,GO:0050920,6,227,9606,"TGFB1,CCL2,IL4,CXCL10,CXCL8,IL6","TGFB1,CCL2,IL4,CXCL10,CXCL8,IL6",7.09e-09,1.07e-06,Regulation of chemotaxis
Process,GO:0045595,10,1582,9606,"TGFB1,IL2,IL4,IL5,IL1B,CCL11,IL13,CXCL10,IL6,TNF","TGFB1,IL2,IL4,IL5,IL1B,CCL11,IL13,CXCL10,IL6,TNF",8.5e-09,1.25e-06,Regulation of cell differentiation
Process,GO:0001932,9,1108,9606,"TGFB1,IL2,IL4,IL5,IL1B,IL9,IL13,IL6,TNF","TGFB1,IL2,IL4,IL5,IL1B,IL9,IL13,IL6,TNF",9.02e-09,1.31e-06,Regulation of protein phosphorylation
Process,GO:1904035,5,106,9606,"CCL2,IL4,IL13,IL6,TNF","CCL2,IL4,IL13,IL6,TNF",9.94e-09,1.43e-06,Regulation of epithelial cell apoptotic process
Process,GO:0001934,8,747,9606,"TGFB1,IL2,IL4,IL5,IL1B,IL13,IL6,TNF","TGFB1,IL2,IL4,IL5,IL1B,IL13,IL6,TNF",1.09e-08,1.54e-06,Positive regulation of protein phosphorylation
Process,GO:0150077,4,34,9606,"IL4,IL1B,IL6,TNF","IL4,IL1B,IL6,TNF",1.16e-08,1.62e-06,Regulation of neuroinflammatory response
Process,GO:0050870,6,251,9606,"TGFB1,CCL2,IL2,IL4,IL1B,IL6","TGFB1,CCL2,IL2,IL4,IL1B,IL6",1.27e-08,1.77e-06,Positive regulation of T cell activation
Process,GO:0097191,5,113,9606,"TGFB1,IL2,IL4,IL1B,TNF","TGFB1,IL2,IL4,IL1B,TNF",1.35e-08,1.85e-06,Extrinsic apoptotic signaling pathway
Process,GO:0061900,4,37,9606,"IL4,IL1B,IL13,TNF","IL4,IL1B,IL13,TNF",1.59e-08,2.15e-06,Glial cell activation
Process,GO:0002718,5,120,9606,"TGFB1,IL4,IL1B,IL6,TNF","TGFB1,IL4,IL1B,IL6,TNF",1.81e-08,2.4e-06,Regulation of cytokine production involved in immune response
Process,GO:0006959,6,268,9606,"CCL2,CCL11,CXCL10,CXCL8,IL6,TNF","CCL2,CCL11,CXCL10,CXCL8,IL6,TNF",1.87e-08,2.46e-06,Humoral immune response
Process,GO:0031663,4,39,9606,"TGFB1,CCL2,IL1B,TNF","TGFB1,CCL2,IL1B,TNF",1.93e-08,2.53e-06,Lipopolysaccharide-mediated signaling pathway
Process,GO:0050778,7,502,9606,"TGFB1,IL2,IL4,IL1B,IL13,IL6,TNF","TGFB1,IL2,IL4,IL1B,IL13,IL6,TNF",2.15e-08,2.79e-06,Positive regulation of immune response
Process,GO:0071675,5,125,9606,"TGFB1,CCL2,IL4,CXCL10,TNF","TGFB1,CCL2,IL4,CXCL10,TNF",2.2e-08,2.81e-06,Regulation of mononuclear cell migration
Process,GO:0002688,5,128,9606,"CCL2,IL4,CXCL10,CXCL8,IL6","CCL2,IL4,CXCL10,CXCL8,IL6",2.47e-08,3.08e-06,Regulation of leukocyte chemotaxis
Process,GO:0002891,4,42,9606,"TGFB1,IL2,IL4,TNF","TGFB1,IL2,IL4,TNF",2.55e-08,3.15e-06,Positive regulation of immunoglobulin mediated immune response
Process,GO:0045765,6,288,9606,"IL1B,CCL11,CXCL10,CXCL8,IL6,TNF","IL1B,CCL11,CXCL10,CXCL8,IL6,TNF",2.84e-08,3.43e-06,Regulation of angiogenesis
Process,GO:0030890,4,45,9606,"IL2,IL4,IL5,IL13","IL2,IL4,IL5,IL13",3.31e-08,3.93e-06,Positive regulation of B cell proliferation
Process,GO:0046427,4,45,9606,"IL4,IL5,IL6,TNF","IL4,IL5,IL6,TNF",3.31e-08,3.93e-06,Positive regulation of receptor signaling pathway via JAK-STAT
Process,GO:0010573,3,7,9606,"IL1B,IL6,TNF","IL1B,IL6,TNF",3.41e-08,3.99e-06,Vascular endothelial growth factor production
Process,GO:0045597,8,876,9606,"TGFB1,IL2,IL4,IL5,IL1B,IL13,IL6,TNF","TGFB1,IL2,IL4,IL5,IL1B,IL13,IL6,TNF",3.74e-08,4.35e-06,Positive regulation of cell differentiation
Process,GO:0050768,5,143,9606,"TGFB1,IL1B,CCL11,IL6,TNF","TGFB1,IL1B,CCL11,IL6,TNF",4.23e-08,4.87e-06,Negative regulation of neurogenesis
Process,GO:0043066,8,891,9606,"CCL2,IL2,IL4,IL1B,IL9,IL13,IL6,TNF","CCL2,IL2,IL4,IL1B,IL9,IL13,IL6,TNF",4.26e-08,4.88e-06,Negative regulation of apoptotic process
Process,GO:0002673,4,49,9606,"IL4,IL1B,IL6,TNF","IL4,IL1B,IL6,TNF",4.57e-08,5.19e-06,Regulation of acute inflammatory response
Process,GO:0016477,8,903,9606,"TGFB1,CCL2,IL1B,CCL11,CXCL10,CXCL8,IL6,TNF","TGFB1,CCL2,IL1B,CCL11,CXCL10,CXCL8,IL6,TNF",4.73e-08,5.33e-06,Cell migration
Process,GO:0050921,5,147,9606,"TGFB1,IL4,CXCL10,CXCL8,IL6","TGFB1,IL4,CXCL10,CXCL8,IL6",4.83e-08,5.41e-06,Positive regulation of chemotaxis
Process,GO:0002274,5,150,9606,"TGFB1,IL4,IL13,CXCL8,TNF","TGFB1,IL4,IL13,CXCL8,TNF",5.33e-08,5.75e-06,Myeloid leukocyte activation
Process,GO:2000351,4,51,9606,"CCL2,IL4,IL13,TNF","CCL2,IL4,IL13,TNF",5.32e-08,5.75e-06,Regulation of endothelial cell apoptotic process
Process,GO:0022603,8,920,9606,"TGFB1,CCL2,IL1B,CCL11,CXCL10,CXCL8,IL6,TNF","TGFB1,CCL2,IL1B,CCL11,CXCL10,CXCL8,IL6,TNF",5.46e-08,5.82e-06,Regulation of anatomical structure morphogenesis
Process,GO:0043491,4,53,9606,"TGFB1,CCL2,IL1B,TNF","TGFB1,CCL2,IL1B,TNF",6.15e-08,6.52e-06,Protein kinase B signaling
Process,GO:0010604,12,3533,9606,"TGFB1,CCL2,IL2,IL4,IL5,IL1B,IL9,IL13,CXCL10,CXCL8,IL6,TNF","TGFB1,CCL2,IL2,IL4,IL5,IL1B,IL9,IL13,CXCL10,CXCL8,IL6,TNF",7.14e-08,7.43e-06,Positive regulation of macromolecule metabolic process
Process,GO:0071310,10,2019,9606,"TGFB1,CCL2,IL5,IL1B,CCL11,IL13,CXCL10,CXCL8,IL6,TNF","TGFB1,CCL2,IL5,IL1B,CCL11,IL13,CXCL10,CXCL8,IL6,TNF",8.86e-08,9.14e-06,Cellular response to organic substance
Process,GO:0048523,13,4736,9606,"TGFB1,CCL2,IL2,IL4,IL1RN,IL1B,IL9,CCL11,IL13,CXCL10,CXCL8,IL6,TNF","TGFB1,CCL2,IL2,IL4,IL1RN,IL1B,IL9,CCL11,IL13,CXCL10,CXCL8,IL6,TNF",9.89e-08,1.01e-05,Negative regulation of cellular process
Process,GO:0009891,10,2080,9606,"TGFB1,CCL2,IL2,IL4,IL5,IL1B,CXCL10,CXCL8,IL6,TNF","TGFB1,CCL2,IL2,IL4,IL5,IL1B,CXCL10,CXCL8,IL6,TNF",1.18e-07,1.19e-05,Positive regulation of biosynthetic process
Process,GO:0050727,6,371,9606,"IL2,IL4,IL1B,IL13,IL6,TNF","IL2,IL4,IL1B,IL13,IL6,TNF",1.24e-07,1.24e-05,Regulation of inflammatory response
Process,GO:1902107,5,181,9606,"TGFB1,IL2,IL4,IL5,TNF","TGFB1,IL2,IL4,IL5,TNF",1.32e-07,1.3e-05,Positive regulation of leukocyte differentiation
Process,GO:0014015,4,66,9606,"TGFB1,IL1B,IL6,TNF","TGFB1,IL1B,IL6,TNF",1.42e-07,1.35e-05,Positive regulation of gliogenesis
Process,GO:0042129,5,187,9606,"TGFB1,IL2,IL4,IL1B,IL6","TGFB1,IL2,IL4,IL1B,IL6",1.55e-07,1.46e-05,Regulation of T cell proliferation
Process,GO:1901700,9,1547,9606,"TGFB1,CCL2,IL2,IL1B,IL13,CXCL10,CXCL8,IL6,TNF","TGFB1,CCL2,IL2,IL1B,IL13,CXCL10,CXCL8,IL6,TNF",1.62e-07,1.51e-05,Response to oxygen-containing compound
Process,GO:0002521,6,396,9606,"TGFB1,IL2,IL4,IL9,IL6,TNF","TGFB1,IL2,IL4,IL9,IL6,TNF",1.81e-07,1.66e-05,Leukocyte differentiation
Process,GO:0044093,9,1587,9606,"TGFB1,CCL2,IL2,IL4,IL5,IL1B,CCL11,IL6,TNF","TGFB1,CCL2,IL2,IL4,IL5,IL1B,CCL11,IL6,TNF",2.01e-07,1.82e-05,Positive regulation of molecular function
Process,GO:0009966,11,2978,9606,"TGFB1,CCL2,IL4,IL5,IL1RN,IL1B,IL9,CCL11,CXCL8,IL6,TNF","TGFB1,CCL2,IL4,IL5,IL1RN,IL1B,IL9,CCL11,CXCL8,IL6,TNF",2.23e-07,2.01e-05,Regulation of signal transduction
Process,GO:0008285,7,713,9606,"TGFB1,CCL2,IL2,IL1B,CXCL8,IL6,TNF","TGFB1,CCL2,IL2,IL1B,CXCL8,IL6,TNF",2.31e-07,2.07e-05,Negative regulation of cell population proliferation
Process,GO:0071677,4,75,9606,"TGFB1,IL4,CXCL10,TNF","TGFB1,IL4,CXCL10,TNF",2.32e-07,2.07e-05,Positive regulation of mononuclear cell migration
Process,GO:0150078,3,15,9606,"IL1B,IL6,TNF","IL1B,IL6,TNF",2.31e-07,2.07e-05,Positive regulation of neuroinflammatory response
Process,GO:1903799,3,16,9606,"TGFB1,IL6,TNF","TGFB1,IL6,TNF",2.74e-07,2.42e-05,Negative regulation of miRNA maturation
Process,GO:0002526,4,80,9606,"IL1RN,IL1B,IL6,TNF","IL1RN,IL1B,IL6,TNF",2.97e-07,2.6e-05,Acute inflammatory response
Process,GO:0009612,5,214,9606,"TGFB1,IL1B,IL13,CXCL10,TNF","TGFB1,IL1B,IL13,CXCL10,TNF",2.98e-07,2.6e-05,Response to mechanical stimulus
Process,GO:0070098,4,82,9606,"CCL2,CCL11,CXCL10,CXCL8","CCL2,CCL11,CXCL10,CXCL8",3.27e-07,2.82e-05,Chemokine-mediated signaling pathway
Process,GO:0000165,5,219,9606,"TGFB1,CCL2,IL1B,CCL11,TNF","TGFB1,CCL2,IL1B,CCL11,TNF",3.34e-07,2.86e-05,MAPK cascade
Process,GO:0048661,4,85,9606,"TGFB1,IL13,IL6,TNF","TGFB1,IL13,IL6,TNF",3.75e-07,3.2e-05,Positive regulation of smooth muscle cell proliferation
Process,GO:0060252,3,18,9606,"IL1B,IL6,TNF","IL1B,IL6,TNF",3.76e-07,3.2e-05,Positive regulation of glial cell proliferation
Process,GO:0051128,10,2365,9606,"TGFB1,IL2,IL4,IL5,IL1B,IL9,CCL11,CXCL10,IL6,TNF","TGFB1,IL2,IL4,IL5,IL1B,IL9,CCL11,CXCL10,IL6,TNF",4e-07,3.34e-05,Regulation of cellular component organization
Process,GO:0050790,10,2370,9606,"TGFB1,CCL2,IL2,IL4,IL1B,IL9,CCL11,IL13,CXCL10,TNF","TGFB1,CCL2,IL2,IL4,IL1B,IL9,CCL11,IL13,CXCL10,TNF",4.08e-07,3.38e-05,Regulation of catalytic activity
Process,GO:0043410,6,481,9606,"TGFB1,CCL2,IL1B,CCL11,IL6,TNF","TGFB1,CCL2,IL1B,CCL11,IL6,TNF",5.59e-07,4.52e-05,Positive regulation of MAPK cascade
Process,GO:0050708,5,250,9606,"TGFB1,IL1B,IL13,IL6,TNF","TGFB1,IL1B,IL13,IL6,TNF",6.34e-07,5.02e-05,Regulation of protein secretion
Process,GO:0071347,4,98,9606,"CCL2,IL1B,CCL11,CXCL8","CCL2,IL1B,CCL11,CXCL8",6.5e-07,5.12e-05,Cellular response to interleukin-1
Process,GO:0002690,4,99,9606,"IL4,CXCL10,CXCL8,IL6","IL4,CXCL10,CXCL8,IL6",6.76e-07,5.3e-05,Positive regulation of leukocyte chemotaxis
Process,GO:0060284,6,506,9606,"TGFB1,IL5,IL1B,CCL11,IL6,TNF","TGFB1,IL5,IL1B,CCL11,IL6,TNF",7.5e-07,5.79e-05,Regulation of cell development
Process,GO:0048522,13,5584,9606,"TGFB1,CCL2,IL2,IL4,IL5,IL1B,IL9,CCL11,IL13,CXCL10,CXCL8,IL6,TNF","TGFB1,CCL2,IL2,IL4,IL5,IL1B,IL9,CCL11,IL13,CXCL10,CXCL8,IL6,TNF",7.96e-07,6.09e-05,Positive regulation of cellular process
Process,GO:0014070,7,861,9606,"TGFB1,CCL2,IL1RN,IL1B,CXCL10,IL6,TNF","TGFB1,CCL2,IL1RN,IL1B,CXCL10,IL6,TNF",8.2e-07,6.19e-05,Response to organic cyclic compound
Process,GO:0022612,4,104,9606,"TGFB1,CCL11,IL6,TNF","TGFB1,CCL11,IL6,TNF",8.18e-07,6.19e-05,Gland morphogenesis
Process,GO:0034114,3,24,9606,"IL1RN,IL1B,TNF","IL1RN,IL1B,TNF",8.26e-07,6.19e-05,Regulation of heterotypic cell-cell adhesion
Process,GO:0050764,4,104,9606,"TGFB1,CCL2,IL1B,TNF","TGFB1,CCL2,IL1B,TNF",8.18e-07,6.19e-05,Regulation of phagocytosis
Process,GO:0051091,5,267,9606,"TGFB1,IL5,IL1B,IL6,TNF","TGFB1,IL5,IL1B,IL6,TNF",8.72e-07,6.42e-05,Positive regulation of DNA-binding transcription factor activity
Process,GO:0042102,4,108,9606,"IL2,IL4,IL1B,IL6","IL2,IL4,IL1B,IL6",9.46e-07,6.93e-05,Positive regulation of T cell proliferation
Process,GO:0002726,3,26,9606,"IL4,IL1B,IL6","IL4,IL1B,IL6",1.03e-06,7.48e-05,Positive regulation of T cell cytokine production
Process,GO:0030098,5,279,9606,"TGFB1,IL2,IL4,IL9,IL6","TGFB1,IL2,IL4,IL9,IL6",1.08e-06,7.72e-05,Lymphocyte differentiation
Process,GO:0010557,9,1935,9606,"TGFB1,CCL2,IL2,IL4,IL5,IL1B,CXCL10,IL6,TNF","TGFB1,CCL2,IL2,IL4,IL5,IL1B,CXCL10,IL6,TNF",1.09e-06,7.8e-05,Positive regulation of macromolecule biosynthetic process
Process,GO:0002675,3,27,9606,"IL1B,IL6,TNF","IL1B,IL6,TNF",1.14e-06,8.12e-05,Positive regulation of acute inflammatory response
Process,GO:0001818,5,284,9606,"TGFB1,IL4,IL13,IL6,TNF","TGFB1,IL4,IL13,IL6,TNF",1.18e-06,8.27e-05,Negative regulation of cytokine production
Process,GO:0051050,7,915,9606,"TGFB1,CCL2,IL4,IL1B,IL13,CXCL10,TNF","TGFB1,CCL2,IL4,IL1B,IL13,CXCL10,TNF",1.23e-06,8.59e-05,Positive regulation of transport
Process,GO:0060627,6,551,9606,"TGFB1,CCL2,IL4,IL1B,IL13,TNF","TGFB1,CCL2,IL4,IL1B,IL13,TNF",1.23e-06,8.59e-05,Regulation of vesicle-mediated transport
Process,GO:0071674,4,116,9606,"CCL2,CCL11,CXCL10,IL6","CCL2,CCL11,CXCL10,IL6",1.25e-06,8.65e-05,Mononuclear cell migration
Process,GO:0032740,3,28,9606,"TGFB1,IL2,IL6","TGFB1,IL2,IL6",1.27e-06,8.75e-05,Positive regulation of interleukin-17 production
Process,GO:0045662,3,28,9606,"TGFB1,CXCL10,TNF","TGFB1,CXCL10,TNF",1.27e-06,8.75e-05,Negative regulation of myoblast differentiation
Process,GO:0045830,3,28,9606,"TGFB1,IL2,IL4","TGFB1,IL2,IL4",1.27e-06,8.75e-05,Positive regulation of isotype switching
Process,GO:0010575,3,29,9606,"TGFB1,IL1B,IL6","TGFB1,IL1B,IL6",1.4e-06,9.53e-05,Positive regulation of vascular endothelial growth factor production
Process,GO:1903530,6,564,9606,"TGFB1,IL4,IL1B,IL13,IL6,TNF","TGFB1,IL4,IL1B,IL13,IL6,TNF",1.4e-06,9.53e-05,Regulation of secretion by cell
Process,GO:0002698,4,123,9606,"TGFB1,IL2,IL4,TNF","TGFB1,IL2,IL4,TNF",1.56e-06,0.0001,Negative regulation of immune effector process
Process,GO:0002761,4,123,9606,"TGFB1,IL4,IL5,TNF","TGFB1,IL4,IL5,TNF",1.56e-06,0.0001,Regulation of myeloid leukocyte differentiation
Process,GO:0070372,5,299,9606,"TGFB1,CCL2,IL1B,CCL11,TNF","TGFB1,CCL2,IL1B,CCL11,TNF",1.51e-06,0.0001,Regulation of ERK1 and ERK2 cascade
Process,GO:0097421,3,30,9606,"TGFB1,IL6,TNF","TGFB1,IL6,TNF",1.54e-06,0.0001,Liver regeneration
Process,GO:0001774,3,31,9606,"IL4,IL13,TNF","IL4,IL13,TNF",1.68e-06,0.00011,Microglial cell activation
Process,GO:0010720,5,304,9606,"TGFB1,IL5,IL1B,IL6,TNF","TGFB1,IL5,IL1B,IL6,TNF",1.63e-06,0.00011,Positive regulation of cell development
Process,GO:0031328,9,2041,9606,"TGFB1,IL2,IL4,IL5,IL1B,CXCL10,CXCL8,IL6,TNF","TGFB1,IL2,IL4,IL5,IL1B,CXCL10,CXCL8,IL6,TNF",1.72e-06,0.00011,Positive regulation of cellular biosynthetic process
Process,GO:0034762,6,587,9606,"TGFB1,CCL2,IL1B,IL13,CXCL10,TNF","TGFB1,CCL2,IL1B,IL13,CXCL10,TNF",1.77e-06,0.00011,Regulation of transmembrane transport
Process,GO:0051054,5,304,9606,"TGFB1,IL2,IL4,IL6,TNF","TGFB1,IL2,IL4,IL6,TNF",1.63e-06,0.00011,Positive regulation of DNA metabolic process
Process,GO:0009967,8,1525,9606,"TGFB1,CCL2,IL4,IL5,IL1B,CCL11,IL6,TNF","TGFB1,CCL2,IL4,IL5,IL1B,CCL11,IL6,TNF",2.58e-06,0.00016,Positive regulation of signal transduction
Process,GO:0097192,3,36,9606,"IL2,IL4,IL1B","IL2,IL4,IL1B",2.57e-06,0.00016,Extrinsic apoptotic signaling pathway in absence of ligand
Process,GO:0050729,4,145,9606,"IL2,IL1B,IL6,TNF","IL2,IL1B,IL6,TNF",2.96e-06,0.00018,Positive regulation of inflammatory response
Process,GO:0051130,7,1049,9606,"TGFB1,IL4,IL5,IL1B,CCL11,IL6,TNF","TGFB1,IL4,IL5,IL1B,CCL11,IL6,TNF",3.06e-06,0.00018,Positive regulation of cellular component organization
Process,GO:0051384,4,144,9606,"TGFB1,IL1RN,IL6,TNF","TGFB1,IL1RN,IL6,TNF",2.88e-06,0.00018,Response to glucocorticoid
Process,GO:0009615,5,356,9606,"TGFB1,CCL11,CXCL10,IL6,TNF","TGFB1,CCL11,CXCL10,IL6,TNF",3.5e-06,0.00021,Response to virus
Process,GO:0032733,3,40,9606,"IL4,IL13,IL6","IL4,IL13,IL6",3.46e-06,0.00021,Positive regulation of interleukin-10 production
Process,GO:0006953,3,42,9606,"IL1RN,IL1B,IL6","IL1RN,IL1B,IL6",3.98e-06,0.00023,Acute-phase response
Process,GO:0002548,3,43,9606,"CCL2,CCL11,IL6","CCL2,CCL11,IL6",4.25e-06,0.00025,Monocyte chemotaxis
Process,GO:0060559,2,3,9606,"IL1B,TNF","IL1B,TNF",4.68e-06,0.00027,Positive regulation of calcidiol 1-monooxygenase activity
Process,GO:1903660,2,3,9606,"IL4,IL13","IL4,IL13",4.68e-06,0.00027,Negative regulation of complement-dependent cytotoxicity
Process,GO:0043269,6,700,9606,"TGFB1,CCL2,IL1B,IL13,CXCL10,TNF","TGFB1,CCL2,IL1B,IL13,CXCL10,TNF",4.85e-06,0.00028,Regulation of ion transport
Process,GO:0032102,5,387,9606,"CCL2,IL2,IL4,IL13,TNF","CCL2,IL2,IL4,IL13,TNF",5.23e-06,0.00029,Negative regulation of response to external stimulus
Process,GO:0031325,10,3114,9606,"TGFB1,IL2,IL4,IL5,IL1B,IL13,CXCL10,CXCL8,IL6,TNF","TGFB1,IL2,IL4,IL5,IL1B,IL13,CXCL10,CXCL8,IL6,TNF",5.32e-06,0.0003,Positive regulation of cellular metabolic process
Process,GO:0030217,4,171,9606,"TGFB1,IL2,IL4,IL6","TGFB1,IL2,IL4,IL6",5.6e-06,0.00031,T cell differentiation
Process,GO:0045893,8,1710,9606,"TGFB1,IL2,IL4,IL5,IL1B,CXCL10,IL6,TNF","TGFB1,IL2,IL4,IL5,IL1B,CXCL10,IL6,TNF",6.09e-06,0.00034,"Positive regulation of transcription, DNA-templated"
Process,GO:0071356,4,175,9606,"CCL2,CCL11,CXCL8,TNF","CCL2,CCL11,CXCL8,TNF",6.13e-06,0.00034,Cellular response to tumor necrosis factor
Process,GO:0006468,6,736,9606,"TGFB1,CCL2,IL2,IL4,IL5,CCL11","TGFB1,CCL2,IL2,IL4,IL5,CCL11",6.46e-06,0.00035,Protein phosphorylation
Process,GO:0010718,3,51,9606,"TGFB1,IL1B,IL6","TGFB1,IL1B,IL6",6.92e-06,0.00037,Positive regulation of epithelial to mesenchymal transition
Process,GO:0048247,3,51,9606,"CCL2,CCL11,CXCL10","CCL2,CCL11,CXCL10",6.92e-06,0.00037,Lymphocyte chemotaxis
Process,GO:0030730,2,4,9606,"IL1B,TNF","IL1B,TNF",7.01e-06,0.00038,Sequestering of triglyceride
Process,GO:0043085,7,1191,9606,"TGFB1,CCL2,IL2,IL4,IL1B,CCL11,TNF","TGFB1,CCL2,IL2,IL4,IL1B,CCL11,TNF",7.07e-06,0.00038,Positive regulation of catalytic activity
Process,GO:0045599,3,52,9606,"TGFB1,IL6,TNF","TGFB1,IL6,TNF",7.32e-06,0.00039,Negative regulation of fat cell differentiation
Process,GO:0051049,8,1763,9606,"TGFB1,CCL2,IL4,IL1B,IL13,CXCL10,IL6,TNF","TGFB1,CCL2,IL4,IL1B,IL13,CXCL10,IL6,TNF",7.65e-06,0.0004,Regulation of transport
Process,GO:0048513,10,3246,9606,"TGFB1,CCL2,IL2,IL4,IL9,CCL11,CXCL10,CXCL8,IL6,TNF","TGFB1,CCL2,IL2,IL4,IL9,CCL11,CXCL10,CXCL8,IL6,TNF",7.83e-06,0.00041,Animal organ development
Process,GO:0002683,5,433,9606,"TGFB1,CCL2,IL2,IL4,TNF","TGFB1,CCL2,IL2,IL4,TNF",8.98e-06,0.00047,Negative regulation of immune system process
Process,GO:0022408,4,194,9606,"TGFB1,IL2,IL4,IL1RN","TGFB1,IL2,IL4,IL1RN",9.13e-06,0.00047,Negative regulation of cell-cell adhesion
Process,GO:0031334,4,193,9606,"TGFB1,IL5,CCL11,TNF","TGFB1,IL5,CCL11,TNF",8.95e-06,0.00047,Positive regulation of protein-containing complex assembly
Process,GO:0009968,7,1252,9606,"IL4,IL1RN,IL1B,IL9,CXCL8,IL6,TNF","IL4,IL1RN,IL1B,IL9,CXCL8,IL6,TNF",9.82e-06,0.0005,Negative regulation of signal transduction
Process,GO:0045944,7,1250,9606,"TGFB1,IL2,IL4,IL1B,CXCL10,IL6,TNF","TGFB1,IL2,IL4,IL1B,CXCL10,IL6,TNF",9.72e-06,0.0005,Positive regulation of transcription by RNA polymerase II
Process,GO:2000660,2,5,9606,"IL1RN,IL6","IL1RN,IL6",9.82e-06,0.0005,Negative regulation of interleukin-1-mediated signaling pathway
Process,GO:0002763,3,58,9606,"TGFB1,IL5,TNF","TGFB1,IL5,TNF",1e-05,0.00051,Positive regulation of myeloid leukocyte differentiation
Process,GO:0043030,3,58,9606,"IL4,IL13,IL6","IL4,IL13,IL6",1e-05,0.00051,Regulation of macrophage activation
Process,GO:0070374,4,213,9606,"TGFB1,CCL2,CCL11,TNF","TGFB1,CCL2,CCL11,TNF",1.31e-05,0.00065,Positive regulation of ERK1 and ERK2 cascade
Process,GO:0032757,3,65,9606,"IL1B,IL6,TNF","IL1B,IL6,TNF",1.39e-05,0.00069,Positive regulation of interleukin-8 production
Process,GO:1905330,3,65,9606,"TGFB1,CXCL10,TNF","TGFB1,CXCL10,TNF",1.39e-05,0.00069,Regulation of morphogenesis of an epithelium
Process,GO:0010633,3,68,9606,"TGFB1,IL4,TNF","TGFB1,IL4,TNF",1.58e-05,0.00077,Negative regulation of epithelial cell migration
Process,GO:0031622,2,7,9606,"IL1B,TNF","IL1B,TNF",1.68e-05,0.00081,Positive regulation of fever generation
Process,GO:0033674,5,494,9606,"TGFB1,IL2,IL4,IL1B,TNF","TGFB1,IL2,IL4,IL1B,TNF",1.69e-05,0.00081,Positive regulation of kinase activity
Process,GO:2001234,4,230,9606,"IL4,IL1B,IL9,TNF","IL4,IL1B,IL9,TNF",1.76e-05,0.00084,Negative regulation of apoptotic signaling pathway
Process,GO:0031640,3,71,9606,"CCL11,CXCL10,CXCL8","CCL11,CXCL10,CXCL8",1.79e-05,0.00086,Killing of cells of another organism
Process,GO:0032722,3,71,9606,"IL1B,IL6,TNF","IL1B,IL6,TNF",1.79e-05,0.00086,Positive regulation of chemokine production
Process,GO:0034765,5,504,9606,"TGFB1,CCL2,IL13,CXCL10,TNF","TGFB1,CCL2,IL13,CXCL10,TNF",1.86e-05,0.00088,Regulation of ion transmembrane transport
Process,GO:0010629,6,899,9606,"TGFB1,IL4,IL13,CXCL8,IL6,TNF","TGFB1,IL4,IL13,CXCL8,IL6,TNF",2.01e-05,0.00095,Negative regulation of gene expression
Process,GO:0034103,3,75,9606,"TGFB1,IL2,IL6","TGFB1,IL2,IL6",2.1e-05,0.00098,Regulation of tissue remodeling
Process,GO:0050766,3,75,9606,"CCL2,IL1B,TNF","CCL2,IL1B,TNF",2.1e-05,0.00098,Positive regulation of phagocytosis
Process,GO:0060353,2,8,9606,"IL1B,CXCL8","IL1B,CXCL8",2.1e-05,0.00098,Regulation of cell adhesion molecule production
Process,GO:0071260,3,75,9606,"TGFB1,IL1B,IL13","TGFB1,IL1B,IL13",2.1e-05,0.00098,Cellular response to mechanical stimulus
Process,GO:0010605,9,2760,9606,"TGFB1,IL2,IL4,IL1B,IL9,IL13,CXCL8,IL6,TNF","TGFB1,IL2,IL4,IL1B,IL9,IL13,CXCL8,IL6,TNF",2.15e-05,0.00099,Negative regulation of macromolecule metabolic process
Process,GO:0032729,3,78,9606,"IL2,IL1B,TNF","IL2,IL1B,TNF",2.35e-05,0.0011,Positive regulation of interferon-gamma production
Process,GO:0042063,4,248,9606,"TGFB1,CCL2,IL1B,TNF","TGFB1,CCL2,IL1B,TNF",2.36e-05,0.0011,Gliogenesis
Process,GO:0065008,10,3654,9606,"TGFB1,CCL2,IL2,IL4,IL1RN,IL1B,CCL11,IL13,IL6,TNF","TGFB1,CCL2,IL2,IL4,IL1RN,IL1B,CCL11,IL13,IL6,TNF",2.33e-05,0.0011,Regulation of biological quality
Process,GO:0097305,4,252,9606,"TGFB1,IL2,IL13,TNF","TGFB1,IL2,IL13,TNF",2.51e-05,0.0011,Response to alcohol
Process,GO:2000553,2,9,9606,"IL4,IL6","IL4,IL6",2.57e-05,0.0012,Positive regulation of T-helper 2 cell cytokine production
Process,GO:0002676,2,10,9606,"IL4,TNF","IL4,TNF",3.08e-05,0.0013,Regulation of chronic inflammatory response
Process,GO:0048304,2,10,9606,"IL2,IL4","IL2,IL4",3.08e-05,0.0013,Positive regulation of isotype switching to IgG isotypes
Process,GO:0051279,3,84,9606,"TGFB1,IL13,CXCL10","TGFB1,IL13,CXCL10",2.92e-05,0.0013,Regulation of release of sequestered calcium ion into cytosol
Process,GO:0051924,4,266,9606,"TGFB1,CCL2,IL13,CXCL10","TGFB1,CCL2,IL13,CXCL10",3.09e-05,0.0013,Regulation of calcium ion transport
Process,GO:0098586,3,87,9606,"TGFB1,CXCL10,IL6","TGFB1,CXCL10,IL6",3.23e-05,0.0014,Cellular response to virus
Process,GO:0010468,11,4899,9606,"TGFB1,IL2,IL4,IL5,IL1B,IL9,IL13,CXCL10,CXCL8,IL6,TNF","TGFB1,IL2,IL4,IL5,IL1B,IL9,IL13,CXCL10,CXCL8,IL6,TNF",3.81e-05,0.0016,Regulation of gene expression
Process,GO:0071803,2,11,9606,"IL5,TNF","IL5,TNF",3.64e-05,0.0016,Positive regulation of podosome assembly
Process,GO:1903532,4,282,9606,"TGFB1,IL4,IL1B,IL13","TGFB1,IL4,IL1B,IL13",3.87e-05,0.0016,Positive regulation of secretion by cell
Process,GO:2000320,2,11,9606,"IL2,IL4","IL2,IL4",3.64e-05,0.0016,Negative regulation of T-helper 17 cell differentiation
Process,GO:0043270,4,286,9606,"CCL2,IL1B,IL13,CXCL10","CCL2,IL1B,IL13,CXCL10",4.09e-05,0.0017,Positive regulation of ion transport
Process,GO:0030336,4,288,9606,"TGFB1,CCL2,IL4,TNF","TGFB1,CCL2,IL4,TNF",4.2e-05,0.0018,Negative regulation of cell migration
Process,GO:1903800,2,12,9606,"TGFB1,IL6","TGFB1,IL6",4.24e-05,0.0018,Positive regulation of miRNA maturation
Process,GO:2001237,3,97,9606,"IL4,IL1B,TNF","IL4,IL1B,TNF",4.43e-05,0.0018,Negative regulation of extrinsic apoptotic signaling pathway
Process,GO:0006915,6,1041,9606,"TGFB1,IL2,IL4,IL1B,IL6,TNF","TGFB1,IL2,IL4,IL1B,IL6,TNF",4.6e-05,0.0019,Apoptotic process
Process,GO:0032755,3,98,9606,"IL1B,IL6,TNF","IL1B,IL6,TNF",4.56e-05,0.0019,Positive regulation of interleukin-6 production
Process,GO:0002544,2,13,9606,"CCL11,TNF","CCL11,TNF",4.89e-05,0.002,Chronic inflammatory response
Process,GO:0051222,4,303,9606,"TGFB1,IL1B,IL13,TNF","TGFB1,IL1B,IL13,TNF",5.1e-05,0.002,Positive regulation of protein transport
Process,GO:0051341,3,102,9606,"IL1B,IL13,TNF","IL1B,IL13,TNF",5.12e-05,0.002,Regulation of oxidoreductase activity
Process,GO:0097398,2,13,9606,"IL1B,CXCL10","IL1B,CXCL10",4.89e-05,0.002,Cellular response to interleukin-17
Process,GO:0071346,3,105,9606,"CCL2,CCL11,TNF","CCL2,CCL11,TNF",5.57e-05,0.0022,Cellular response to interferon-gamma
Process,GO:0048856,11,5117,9606,"TGFB1,CCL2,IL2,IL4,IL1B,IL9,CCL11,CXCL10,CXCL8,IL6,TNF","TGFB1,CCL2,IL2,IL4,IL1B,IL9,CCL11,CXCL10,CXCL8,IL6,TNF",5.91e-05,0.0023,Anatomical structure development
Process,GO:0009628,6,1107,9606,"TGFB1,IL1B,CCL11,IL13,CXCL10,TNF","TGFB1,IL1B,CCL11,IL13,CXCL10,TNF",6.48e-05,0.0025,Response to abiotic stimulus
Process,GO:0033138,3,110,9606,"TGFB1,IL6,TNF","TGFB1,IL6,TNF",6.38e-05,0.0025,Positive regulation of peptidyl-serine phosphorylation
Process,GO:0034116,2,15,9606,"IL1B,TNF","IL1B,TNF",6.33e-05,0.0025,Positive regulation of heterotypic cell-cell adhesion
Process,GO:0043306,2,15,9606,"IL4,IL13","IL4,IL13",6.33e-05,0.0025,Positive regulation of mast cell degranulation
Process,GO:0051173,9,3166,9606,"TGFB1,IL2,IL4,IL5,IL1B,IL13,CXCL10,IL6,TNF","TGFB1,IL2,IL4,IL5,IL1B,IL13,CXCL10,IL6,TNF",6.64e-05,0.0026,Positive regulation of nitrogen compound metabolic process
Process,GO:0061844,3,113,9606,"CCL11,CXCL10,CXCL8","CCL11,CXCL10,CXCL8",6.89e-05,0.0026,Antimicrobial humoral immune response mediated by antimicrobial peptide
Process,GO:0010715,2,16,9606,"TGFB1,IL6","TGFB1,IL6",7.12e-05,0.0027,Regulation of extracellular matrix disassembly
Process,GO:0021782,3,114,9606,"TGFB1,IL1B,TNF","TGFB1,IL1B,TNF",7.07e-05,0.0027,Glial cell development
Process,GO:1903140,2,16,9606,"IL1B,TNF","IL1B,TNF",7.12e-05,0.0027,Regulation of establishment of endothelial barrier
Process,GO:0043406,3,116,9606,"TGFB1,IL1B,TNF","TGFB1,IL1B,TNF",7.44e-05,0.0028,Positive regulation of MAP kinase activity
Process,GO:0045582,3,116,9606,"TGFB1,IL2,IL4","TGFB1,IL2,IL4",7.44e-05,0.0028,Positive regulation of T cell differentiation
Process,GO:0048143,2,17,9606,"IL1B,TNF","IL1B,TNF",7.95e-05,0.003,Astrocyte activation
Process,GO:0048245,2,17,9606,"CCL2,CCL11","CCL2,CCL11",7.95e-05,0.003,Eosinophil chemotaxis
Process,GO:0051044,2,17,9606,"IL1B,TNF","IL1B,TNF",7.95e-05,0.003,Positive regulation of membrane protein ectodomain proteolysis
Process,GO:0007275,10,4209,9606,"TGFB1,CCL2,IL2,IL4,IL1B,IL9,CCL11,CXCL8,IL6,TNF","TGFB1,CCL2,IL2,IL4,IL1B,IL9,CCL11,CXCL8,IL6,TNF",8.46e-05,0.0031,Multicellular organism development
Process,GO:0010829,2,18,9606,"IL1B,TNF","IL1B,TNF",8.83e-05,0.0033,Negative regulation of glucose transmembrane transport
Process,GO:0046651,3,124,9606,"TGFB1,IL2,IL9","TGFB1,IL2,IL9",9.02e-05,0.0033,Lymphocyte proliferation
Process,GO:0002250,4,359,9606,"TGFB1,IL2,IL9,IL6","TGFB1,IL2,IL9,IL6",9.78e-05,0.0035,Adaptive immune response
Process,GO:0008283,5,712,9606,"TGFB1,IL2,IL9,IL6,TNF","TGFB1,IL2,IL9,IL6,TNF",9.56e-05,0.0035,Cell population proliferation
Process,GO:0034763,3,127,9606,"TGFB1,IL1B,TNF","TGFB1,IL1B,TNF",9.67e-05,0.0035,Negative regulation of transmembrane transport
Process,GO:0045471,3,126,9606,"IL2,IL13,TNF","IL2,IL13,TNF",9.45e-05,0.0035,Response to ethanol
Process,GO:1900221,2,19,9606,"IL4,TNF","IL4,TNF",9.76e-05,0.0035,Regulation of amyloid-beta clearance
Process,GO:0030183,3,129,9606,"IL4,IL9,IL6","IL4,IL9,IL6",0.0001,0.0036,B cell differentiation
Process,GO:0050868,3,129,9606,"TGFB1,IL2,IL4","TGFB1,IL2,IL4",0.0001,0.0036,Negative regulation of T cell activation
Process,GO:0048565,3,131,9606,"TGFB1,CXCL8,TNF","TGFB1,CXCL8,TNF",0.00011,0.0037,Digestive tract development
Process,GO:0050678,4,366,9606,"TGFB1,CCL2,CCL11,TNF","TGFB1,CCL2,CCL11,TNF",0.00011,0.0037,Regulation of epithelial cell proliferation
Process,GO:0050830,3,130,9606,"IL1B,IL6,TNF","IL1B,IL6,TNF",0.0001,0.0037,Defense response to Gram-positive bacterium
Process,GO:0051928,3,133,9606,"CCL2,IL13,CXCL10","CCL2,IL13,CXCL10",0.00011,0.0039,Positive regulation of calcium ion transport
Process,GO:0002252,4,375,9606,"IL2,IL4,IL9,IL6","IL2,IL4,IL9,IL6",0.00012,0.004,Immune effector process
Process,GO:0002573,3,134,9606,"TGFB1,IL4,TNF","TGFB1,IL4,TNF",0.00011,0.004,Myeloid leukocyte differentiation
Process,GO:0010888,2,21,9606,"IL6,TNF","IL6,TNF",0.00012,0.0041,Negative regulation of lipid storage
Process,GO:0043011,2,21,9606,"TGFB1,IL4","TGFB1,IL4",0.00012,0.0041,Myeloid dendritic cell differentiation
Process,GO:1901739,2,21,9606,"IL4,CXCL10","IL4,CXCL10",0.00012,0.0041,Regulation of myoblast fusion
Process,GO:1904062,4,378,9606,"TGFB1,CCL2,IL13,CXCL10","TGFB1,CCL2,IL13,CXCL10",0.00012,0.0041,Regulation of cation transmembrane transport
Process,GO:0001936,3,138,9606,"CCL2,CCL11,TNF","CCL2,CCL11,TNF",0.00012,0.0042,Regulation of endothelial cell proliferation
Process,GO:0045087,5,754,9606,"CCL2,IL4,CCL11,CXCL10,TNF","CCL2,IL4,CCL11,CXCL10,TNF",0.00013,0.0043,Innate immune response
Process,GO:0050680,3,139,9606,"TGFB1,CCL2,TNF","TGFB1,CCL2,TNF",0.00013,0.0043,Negative regulation of epithelial cell proliferation
Process,GO:0002922,2,22,9606,"IL1B,TNF","IL1B,TNF",0.00013,0.0044,Positive regulation of humoral immune response
Process,GO:0060444,2,22,9606,"TGFB1,CCL11","TGFB1,CCL11",0.00013,0.0044,Branching involved in mammary gland duct morphogenesis
Process,GO:0030212,2,23,9606,"TGFB1,IL1B","TGFB1,IL1B",0.00014,0.0047,Hyaluronan metabolic process
Process,GO:0045591,2,23,9606,"TGFB1,IL2","TGFB1,IL2",0.00014,0.0047,Positive regulation of regulatory T cell differentiation
Process,GO:0045822,2,23,9606,"IL2,TNF","IL2,TNF",0.00014,0.0047,Negative regulation of heart contraction
Process,GO:1904996,2,23,9606,"IL6,TNF","IL6,TNF",0.00014,0.0047,Positive regulation of leukocyte adhesion to vascular endothelial cell
Process,GO:0050728,3,147,9606,"IL2,IL4,IL13","IL2,IL4,IL13",0.00015,0.0049,Negative regulation of inflammatory response
Process,GO:0062013,3,147,9606,"IL4,IL1B,TNF","IL4,IL1B,TNF",0.00015,0.0049,Positive regulation of small molecule metabolic process
Process,GO:1900017,2,24,9606,"IL6,TNF","IL6,TNF",0.00015,0.005,Positive regulation of cytokine production involved in inflammatory response
Process,GO:0030856,3,149,9606,"IL1B,IL13,TNF","IL1B,IL13,TNF",0.00015,0.0051,Regulation of epithelial cell differentiation
Process,GO:0050796,3,153,9606,"IL1B,IL6,TNF","IL1B,IL6,TNF",0.00017,0.0053,Regulation of insulin secretion
Process,GO:0031323,11,5681,9606,"TGFB1,IL2,IL4,IL5,IL1B,IL9,IL13,CXCL10,CXCL8,IL6,TNF","TGFB1,IL2,IL4,IL5,IL1B,IL9,IL13,CXCL10,CXCL8,IL6,TNF",0.00017,0.0054,Regulation of cellular metabolic process
Process,GO:0031331,4,413,9606,"IL4,IL1B,IL6,TNF","IL4,IL1B,IL6,TNF",0.00017,0.0054,Positive regulation of cellular catabolic process
Process,GO:0045834,3,155,9606,"TGFB1,IL1B,TNF","TGFB1,IL1B,TNF",0.00017,0.0055,Positive regulation of lipid metabolic process
Process,GO:0045860,4,416,9606,"TGFB1,IL4,IL1B,TNF","TGFB1,IL4,IL1B,TNF",0.00017,0.0055,Positive regulation of protein kinase activity
Process,GO:0050995,2,26,9606,"IL1B,TNF","IL1B,TNF",0.00018,0.0056,Negative regulation of lipid catabolic process
Process,GO:0051092,3,157,9606,"TGFB1,IL1B,TNF","TGFB1,IL1B,TNF",0.00018,0.0056,Positive regulation of NF-kappaB transcription factor activity
Process,GO:0045936,4,424,9606,"TGFB1,IL2,IL1B,TNF","TGFB1,IL2,IL1B,TNF",0.00018,0.0058,Negative regulation of phosphate metabolic process
Process,GO:0007435,2,27,9606,"TGFB1,TNF","TGFB1,TNF",0.00019,0.0059,Salivary gland morphogenesis
Process,GO:1901623,2,27,9606,"CCL2,CXCL10","CCL2,CXCL10",0.00019,0.0059,Regulation of lymphocyte chemotaxis
Process,GO:0009719,6,1363,9606,"TGFB1,CCL2,IL1RN,CXCL8,IL6,TNF","TGFB1,CCL2,IL1RN,CXCL8,IL6,TNF",0.0002,0.0063,Response to endogenous stimulus
Process,GO:0033280,2,28,9606,"TGFB1,CXCL10","TGFB1,CXCL10",0.0002,0.0063,Response to vitamin D
Process,GO:0071624,2,28,9606,"IL4,CXCL8","IL4,CXCL8",0.0002,0.0063,Positive regulation of granulocyte chemotaxis
Process,GO:1903055,2,28,9606,"TGFB1,IL6","TGFB1,IL6",0.0002,0.0063,Positive regulation of extracellular matrix organization
Process,GO:0045766,3,166,9606,"IL1B,CCL11,CXCL8","IL1B,CCL11,CXCL8",0.00021,0.0065,Positive regulation of angiogenesis
Process,GO:1905952,3,167,9606,"IL1B,IL6,TNF","IL1B,IL6,TNF",0.00021,0.0065,Regulation of lipid localization
Process,GO:0002460,3,169,9606,"TGFB1,IL9,IL6","TGFB1,IL9,IL6",0.00022,0.0067,Adaptive immune response based on somatic recombination of immune receptors built from immunoglobulin superfamily domains
Process,GO:0009314,4,444,9606,"TGFB1,CCL11,CXCL10,TNF","TGFB1,CCL11,CXCL10,TNF",0.00022,0.0067,Response to radiation
Process,GO:0050673,3,170,9606,"TGFB1,IL6,TNF","TGFB1,IL6,TNF",0.00023,0.0068,Epithelial cell proliferation
Process,GO:1901889,2,30,9606,"IL1B,TNF","IL1B,TNF",0.00023,0.0069,Negative regulation of cell junction assembly
Process,GO:1904064,3,171,9606,"CCL2,IL13,CXCL10","CCL2,IL13,CXCL10",0.00023,0.0069,Positive regulation of cation transmembrane transport
Process,GO:2000352,2,31,9606,"IL4,IL13","IL4,IL13",0.00024,0.0073,Negative regulation of endothelial cell apoptotic process
Process,GO:0018108,3,176,9606,"IL2,IL4,IL5","IL2,IL4,IL5",0.00025,0.0074,Peptidyl-tyrosine phosphorylation
Process,GO:0035295,5,880,9606,"TGFB1,CCL2,CCL11,CXCL8,TNF","TGFB1,CCL2,CCL11,CXCL8,TNF",0.00026,0.0076,Tube development
Process,GO:0010469,3,179,9606,"CCL2,IL1RN,TNF","CCL2,IL1RN,TNF",0.00026,0.0077,Regulation of signaling receptor activity
Process,GO:0048566,2,33,9606,"CXCL8,TNF","CXCL8,TNF",0.00027,0.0081,Embryonic digestive tract development
Process,GO:0050777,3,185,9606,"TGFB1,IL2,IL4","TGFB1,IL2,IL4",0.00029,0.0084,Negative regulation of immune response
Process,GO:0002366,3,190,9606,"IL2,IL4,IL6","IL2,IL4,IL6",0.00031,0.0088,Leukocyte activation involved in immune response
Process,GO:0002719,2,35,9606,"TGFB1,TNF","TGFB1,TNF",0.00031,0.0088,Negative regulation of cytokine production involved in immune response
Process,GO:0043537,2,35,9606,"TGFB1,TNF","TGFB1,TNF",0.00031,0.0088,Negative regulation of blood vessel endothelial cell migration
Process,GO:0072678,2,35,9606,"CCL2,CXCL10","CCL2,CXCL10",0.00031,0.0088,T cell migration
Process,GO:0007346,4,493,9606,"TGFB1,CCL2,IL1B,TNF","TGFB1,CCL2,IL1B,TNF",0.00033,0.0092,Regulation of mitotic cell cycle
Process,GO:0032965,2,36,9606,"TGFB1,IL6","TGFB1,IL6",0.00032,0.0092,Regulation of collagen biosynthetic process
Process,GO:2001240,2,36,9606,"IL1B,TNF","IL1B,TNF",0.00032,0.0092,Negative regulation of extrinsic apoptotic signaling pathway in absence of ligand
Process,GO:0048731,9,3867,9606,"TGFB1,CCL2,IL2,IL4,IL1B,IL9,CXCL8,IL6,TNF","TGFB1,CCL2,IL2,IL4,IL1B,IL9,CXCL8,IL6,TNF",0.00033,0.0093,System development
Process,GO:0042093,2,37,9606,"IL4,IL6","IL4,IL6",0.00034,0.0095,T-helper cell differentiation
Process,GO:0002437,2,38,9606,"IL1RN,TNF","IL1RN,TNF",0.00036,0.01,Inflammatory response to antigenic stimulus
Process,GO:0010638,4,508,9606,"IL5,IL1B,CCL11,TNF","IL5,IL1B,CCL11,TNF",0.00037,0.01,Positive regulation of organelle organization
Process,GO:0031400,4,506,9606,"TGFB1,IL2,IL1B,TNF","TGFB1,IL2,IL1B,TNF",0.00036,0.01,Negative regulation of protein modification process
Process,GO:0043065,4,507,9606,"TGFB1,CCL2,IL6,TNF","TGFB1,CCL2,IL6,TNF",0.00036,0.01,Positive regulation of apoptotic process
Process,GO:0071407,4,508,9606,"TGFB1,CCL2,IL1B,TNF","TGFB1,CCL2,IL1B,TNF",0.00037,0.01,Cellular response to organic cyclic compound
Process,GO:0035556,6,1518,9606,"TGFB1,CCL2,IL1B,CCL11,CXCL8,TNF","TGFB1,CCL2,IL1B,CCL11,CXCL8,TNF",0.00037,0.0101,Intracellular signal transduction
Process,GO:0007155,5,965,9606,"CCL2,IL2,IL1B,CCL11,TNF","CCL2,IL2,IL1B,CCL11,TNF",0.00039,0.0107,Cell adhesion
Process,GO:0050679,3,207,9606,"TGFB1,CCL11,TNF","TGFB1,CCL11,TNF",0.0004,0.0108,Positive regulation of epithelial cell proliferation
Process,GO:0050999,2,40,9606,"IL1B,TNF","IL1B,TNF",0.0004,0.0108,Regulation of nitric-oxide synthase activity
Process,GO:0044087,5,971,9606,"TGFB1,IL5,IL1B,CCL11,TNF","TGFB1,IL5,IL1B,CCL11,TNF",0.00041,0.0109,Regulation of cellular component biogenesis
Process,GO:0010817,4,525,9606,"IL1RN,IL1B,IL6,TNF","IL1RN,IL1B,IL6,TNF",0.00041,0.0111,Regulation of hormone levels
Process,GO:0002251,2,41,9606,"IL4,IL6","IL4,IL6",0.00042,0.0112,Organ or tissue specific immune response
Process,GO:0035066,2,41,9606,"TGFB1,IL1B","TGFB1,IL1B",0.00042,0.0112,Positive regulation of histone acetylation
Process,GO:1904037,2,42,9606,"CCL2,IL6","CCL2,IL6",0.00044,0.0116,Positive regulation of epithelial cell apoptotic process
Process,GO:0001937,2,43,9606,"CCL2,TNF","CCL2,TNF",0.00046,0.0121,Negative regulation of endothelial cell proliferation
Process,GO:0009887,5,997,9606,"TGFB1,CCL2,CCL11,IL6,TNF","TGFB1,CCL2,CCL11,IL6,TNF",0.00046,0.0121,Animal organ morphogenesis
Process,GO:0045123,2,43,9606,"CCL2,TNF","CCL2,TNF",0.00046,0.0121,Cellular extravasation
Process,GO:0045429,2,43,9606,"IL1B,TNF","IL1B,TNF",0.00046,0.0121,Positive regulation of nitric oxide biosynthetic process
Process,GO:0051281,2,43,9606,"IL13,CXCL10","IL13,CXCL10",0.00046,0.0121,Positive regulation of release of sequestered calcium ion into cytosol
Process,GO:0045840,2,45,9606,"IL1B,TNF","IL1B,TNF",0.0005,0.013,Positive regulation of mitotic nuclear division
Process,GO:0050691,2,45,9606,"IL4,IL1B","IL4,IL1B",0.0005,0.013,Regulation of defense response to virus by host
Process,GO:0051248,5,1038,9606,"TGFB1,IL2,IL1B,IL9,TNF","TGFB1,IL2,IL1B,IL9,TNF",0.00055,0.0141,Negative regulation of protein metabolic process
Process,GO:0035094,2,48,9606,"IL13,TNF","IL13,TNF",0.00056,0.0143,Response to nicotine
Process,GO:0043457,2,48,9606,"IL4,TNF","IL4,TNF",0.00056,0.0143,Regulation of cellular respiration
Process,GO:1902895,2,48,9606,"TGFB1,TNF","TGFB1,TNF",0.00056,0.0143,Positive regulation of miRNA transcription
Process,GO:0032501,11,6490,9606,"TGFB1,CCL2,IL2,IL4,IL1B,IL9,CCL11,CXCL10,CXCL8,IL6,TNF","TGFB1,CCL2,IL2,IL4,IL1B,IL9,CCL11,CXCL10,CXCL8,IL6,TNF",0.00062,0.0156,Multicellular organismal process
Process,GO:0007259,2,51,9606,"CCL2,IL2","CCL2,IL2",0.00063,0.0159,Receptor signaling pathway via JAK-STAT
Process,GO:0051172,7,2403,9606,"TGFB1,IL2,IL4,IL1B,IL9,IL6,TNF","TGFB1,IL2,IL4,IL1B,IL9,IL6,TNF",0.00063,0.0159,Negative regulation of nitrogen compound metabolic process
Process,GO:0060688,2,51,9606,"TGFB1,TNF","TGFB1,TNF",0.00063,0.0159,Regulation of morphogenesis of a branching structure
Process,GO:0007267,5,1079,9606,"IL2,IL1RN,IL1B,CXCL10,IL6","IL2,IL1RN,IL1B,CXCL10,IL6",0.00066,0.0163,Cell-cell signaling
Process,GO:0090068,3,251,9606,"TGFB1,IL1B,TNF","TGFB1,IL1B,TNF",0.00069,0.0171,Positive regulation of cell cycle process
Process,GO:0030316,2,54,9606,"TGFB1,TNF","TGFB1,TNF",0.00071,0.0174,Osteoclast differentiation
Process,GO:0048146,2,54,9606,"TGFB1,IL13","TGFB1,IL13",0.00071,0.0174,Positive regulation of fibroblast proliferation
Process,GO:0007159,2,56,9606,"IL1B,TNF","IL1B,TNF",0.00076,0.0185,Leukocyte cell-cell adhesion
Process,GO:0007254,2,57,9606,"IL1B,TNF","IL1B,TNF",0.00078,0.019,JNK cascade
Process,GO:0019725,4,628,9606,"TGFB1,CCL2,CCL11,IL6","TGFB1,CCL2,CCL11,IL6",0.00081,0.0196,Cellular homeostasis
Process,GO:0044092,5,1143,9606,"IL1RN,IL1B,IL9,IL13,TNF","IL1RN,IL1B,IL9,IL13,TNF",0.00085,0.0205,Negative regulation of molecular function
Process,GO:0032731,2,61,9606,"IL6,TNF","IL6,TNF",0.00089,0.0214,Positive regulation of interleukin-1 beta production
Process,GO:0007186,5,1174,9606,"CCL2,IL2,CCL11,CXCL10,CXCL8","CCL2,IL2,CCL11,CXCL10,CXCL8",0.00096,0.0228,G protein-coupled receptor signaling pathway
Process,GO:0046824,2,64,9606,"TGFB1,IL1B","TGFB1,IL1B",0.00098,0.0231,Positive regulation of nucleocytoplasmic transport
Process,GO:0033043,5,1190,9606,"TGFB1,IL5,IL1B,CCL11,TNF","TGFB1,IL5,IL1B,CCL11,TNF",0.001,0.0239,Regulation of organelle organization
Process,GO:0035239,4,669,9606,"TGFB1,CCL2,CCL11,CXCL8","TGFB1,CCL2,CCL11,CXCL8",0.001,0.0239,Tube morphogenesis
Process,GO:1901224,2,67,9606,"IL1B,TNF","IL1B,TNF",0.0011,0.0249,Positive regulation of NIK/NF-kappaB signaling
Process,GO:2000272,2,67,9606,"IL1RN,TNF","IL1RN,TNF",0.0011,0.0249,Negative regulation of signaling receptor activity
Process,GO:0030154,8,3507,9606,"TGFB1,CCL2,IL2,IL4,IL1B,IL9,IL6,TNF","TGFB1,CCL2,IL2,IL4,IL1B,IL9,IL6,TNF",0.0011,0.0253,Cell differentiation
Process,GO:0007249,2,68,9606,"IL1B,TNF","IL1B,TNF",0.0011,0.0255,I-kappaB kinase/NF-kappaB signaling
Process,GO:0014823,2,68,9606,"IL6,TNF","IL6,TNF",0.0011,0.0255,Response to activity
Process,GO:0051129,4,691,9606,"TGFB1,IL1B,CXCL10,TNF","TGFB1,IL1B,CXCL10,TNF",0.0012,0.0266,Negative regulation of cellular component organization
Process,GO:0045670,2,70,9606,"IL4,TNF","IL4,TNF",0.0012,0.0267,Regulation of osteoclast differentiation
Process,GO:0042098,2,72,9606,"TGFB1,IL2","TGFB1,IL2",0.0012,0.028,T cell proliferation
Process,GO:0030072,2,73,9606,"IL1RN,IL6","IL1RN,IL6",0.0013,0.0287,Peptide hormone secretion
Process,GO:0019233,2,74,9606,"CCL2,TNF","CCL2,TNF",0.0013,0.0292,Sensory perception of pain
Process,GO:0032890,2,74,9606,"IL1B,TNF","IL1B,TNF",0.0013,0.0292,Regulation of organic acid transport
Process,GO:0045685,2,74,9606,"TGFB1,IL6","TGFB1,IL6",0.0013,0.0292,Regulation of glial cell differentiation
Process,GO:0051171,10,5734,9606,"TGFB1,IL2,IL4,IL5,IL1B,IL9,IL13,CXCL10,IL6,TNF","TGFB1,IL2,IL4,IL5,IL1B,IL9,IL13,CXCL10,IL6,TNF",0.0013,0.0292,Regulation of nitrogen compound metabolic process
Process,GO:0090287,3,314,9606,"TGFB1,IL4,IL1B","TGFB1,IL4,IL1B",0.0013,0.0295,Regulation of cellular response to growth factor stimulus
Process,GO:0010564,4,716,9606,"TGFB1,CCL2,IL1B,TNF","TGFB1,CCL2,IL1B,TNF",0.0013,0.0296,Regulation of cell cycle process
Process,GO:0043154,2,75,9606,"IL9,TNF","IL9,TNF",0.0013,0.0298,Negative regulation of cysteine-type endopeptidase activity involved in apoptotic process
Process,GO:0051966,2,76,9606,"CCL2,TNF","CCL2,TNF",0.0014,0.0304,"Regulation of synaptic transmission, glutamatergic"
Process,GO:1901214,3,324,9606,"CCL2,IL13,TNF","CCL2,IL13,TNF",0.0014,0.0317,Regulation of neuron death
Process,GO:0001933,3,326,9606,"TGFB1,IL2,IL1B","TGFB1,IL2,IL1B",0.0015,0.0322,Negative regulation of protein phosphorylation
Process,GO:0022008,5,1290,9606,"TGFB1,CCL2,IL1B,IL6,TNF","TGFB1,CCL2,IL1B,IL6,TNF",0.0015,0.0323,Neurogenesis
Process,GO:0080090,10,5899,9606,"TGFB1,IL2,IL4,IL5,IL1B,IL9,IL13,CXCL10,IL6,TNF","TGFB1,IL2,IL4,IL5,IL1B,IL9,IL13,CXCL10,IL6,TNF",0.0016,0.0358,Regulation of primary metabolic process
Process,GO:0044344,2,84,9606,"CCL2,CXCL8","CCL2,CXCL8",0.0017,0.0359,Cellular response to fibroblast growth factor stimulus
Process,GO:0003008,6,2029,9606,"TGFB1,CCL2,IL1B,CCL11,CXCL10,TNF","TGFB1,CCL2,IL1B,CCL11,CXCL10,TNF",0.0017,0.0374,System process
Process,GO:0043086,4,771,9606,"IL1B,IL9,IL13,TNF","IL1B,IL9,IL13,TNF",0.0017,0.0374,Negative regulation of catalytic activity
Process,GO:0045069,2,86,9606,"CXCL8,TNF","CXCL8,TNF",0.0017,0.0374,Regulation of viral genome replication
Process,GO:0046889,2,86,9606,"IL1B,TNF","IL1B,TNF",0.0017,0.0374,Positive regulation of lipid biosynthetic process
Process,GO:0001776,2,90,9606,"TGFB1,IL6","TGFB1,IL6",0.0019,0.0403,Leukocyte homeostasis
Process,GO:0045786,3,359,9606,"TGFB1,CCL2,TNF","TGFB1,CCL2,TNF",0.0019,0.0408,Negative regulation of cell cycle
Process,GO:0050672,2,91,9606,"TGFB1,IL2","TGFB1,IL2",0.0019,0.0409,Negative regulation of lymphocyte proliferation
Process,GO:0051781,2,92,9606,"TGFB1,IL1B","TGFB1,IL1B",0.002,0.0417,Positive regulation of cell division
Process,GO:0035304,2,93,9606,"TGFB1,TNF","TGFB1,TNF",0.002,0.0425,Regulation of protein dephosphorylation
Process,GO:0044070,2,93,9606,"IL1B,TNF","IL1B,TNF",0.002,0.0425,Regulation of anion transport
Process,GO:0048871,3,372,9606,"TGFB1,IL1B,IL6","TGFB1,IL1B,IL6",0.0021,0.0445,Multicellular organismal homeostasis
Process,GO:0046330,2,96,9606,"IL1B,TNF","IL1B,TNF",0.0021,0.0448,Positive regulation of JNK cascade
Process,GO:0042592,5,1406,9606,"TGFB1,CCL2,IL1B,CCL11,IL6","TGFB1,CCL2,IL1B,CCL11,IL6",0.0022,0.0451,Homeostatic process
Process,GO:0120162,2,97,9606,"IL4,IL13","IL4,IL13",0.0022,0.0455,Positive regulation of cold-induced thermogenesis
Process,GO:0034766,2,102,9606,"TGFB1,TNF","TGFB1,TNF",0.0024,0.0498,Negative regulation of ion transmembrane transport
Component,GO:0005615,14,3247,9606,"TGFB1,CCL2,IL2,IL4,IL5,IL1RN,IL1B,IL9,CCL11,IL13,CXCL10,CXCL8,IL6,TNF","TGFB1,CCL2,IL2,IL4,IL5,IL1RN,IL1B,IL9,CCL11,IL13,CXCL10,CXCL8,IL6,TNF",1.12e-11,2.3e-08,Extracellular space
Function,GO:0005125,14,234,9606,"TGFB1,CCL2,IL2,IL4,IL5,IL1RN,IL1B,IL9,CCL11,IL13,CXCL10,CXCL8,IL6,TNF","TGFB1,CCL2,IL2,IL4,IL5,IL1RN,IL1B,IL9,CCL11,IL13,CXCL10,CXCL8,IL6,TNF",1.72e-27,8.48e-24,Cytokine activity
Function,GO:0005126,14,270,9606,"TGFB1,CCL2,IL2,IL4,IL5,IL1RN,IL1B,IL9,CCL11,IL13,CXCL10,CXCL8,IL6,TNF","TGFB1,CCL2,IL2,IL4,IL5,IL1RN,IL1B,IL9,CCL11,IL13,CXCL10,CXCL8,IL6,TNF",1.2e-26,2.97e-23,Cytokine receptor binding
Function,GO:0070851,7,135,9606,"IL2,IL4,IL5,IL1RN,IL1B,IL9,IL6","IL2,IL4,IL5,IL1RN,IL1B,IL9,IL6",2.85e-12,1.76e-09,Growth factor receptor binding
Function,GO:0008083,6,162,9606,"TGFB1,IL2,IL4,IL5,IL9,IL6","TGFB1,IL2,IL4,IL5,IL9,IL6",9.94e-10,5.45e-07,Growth factor activity
Function,GO:0008009,4,48,9606,"CCL2,CCL11,CXCL10,CXCL8","CCL2,CCL11,CXCL10,CXCL8",4.22e-08,2.08e-05,Chemokine activity
Function,GO:0001664,5,295,9606,"CCL2,IL2,CCL11,CXCL10,CXCL8","CCL2,IL2,CCL11,CXCL10,CXCL8",1.41e-06,0.00054,G protein-coupled receptor binding
Function,GO:0005149,2,17,9606,"IL1RN,IL1B","IL1RN,IL1B",7.95e-05,0.028,interleukin-1 receptor binding
Function,GO:0045236,2,18,9606,"CXCL10,CXCL8","CXCL10,CXCL8",8.83e-05,0.029,CXCR chemokine receptor binding
TISSUES,BTO:0003861,7,14,9606,"CCL2,IL4,IL1B,IL13,CXCL8,IL6,TNF","CCL2,IL4,IL1B,IL13,CXCL8,IL6,TNF",1.73e-18,4.2e-15,Inflammatory cell
TISSUES,BTO:0000155,6,7,9606,"IL4,IL5,IL1B,IL13,IL6,TNF","IL4,IL5,IL1B,IL13,IL6,TNF",6.31e-17,7.66e-14,Bronchoalveolar lavage fluid
TISSUES,BTO:0000539,8,69,9606,"IL4,IL5,IL1B,CCL11,IL13,CXCL8,IL6,TNF","IL4,IL5,IL1B,CCL11,IL13,CXCL8,IL6,TNF",1.1e-16,8.88e-14,Granulocyte
TISSUES,BTO:0000830,6,14,9606,"IL4,IL5,IL1B,IL13,IL6,TNF","IL4,IL5,IL1B,IL13,IL6,TNF",1.42e-15,8.63e-13,Mast cell
TISSUES,BTO:0000878,8,130,9606,"CCL2,IL2,IL4,IL1B,IL13,CXCL8,IL6,TNF","CCL2,IL2,IL4,IL1B,IL13,CXCL8,IL6,TNF",1.36e-14,6.61e-12,Mononuclear cell
TISSUES,BTO:0000136,7,65,9606,"IL4,IL5,IL1B,IL13,CXCL8,IL6,TNF","IL4,IL5,IL1B,IL13,CXCL8,IL6,TNF",2.16e-14,8.74e-12,Bronchoalveolar system
TISSUES,BTO:0000801,7,89,9606,"CCL2,IL2,IL4,IL1B,IL13,IL6,TNF","CCL2,IL2,IL4,IL1B,IL13,IL6,TNF",1.74e-13,6.01e-11,Macrophage
TISSUES,BTO:0000781,6,40,9606,"IL4,IL5,IL1B,IL13,IL6,TNF","IL4,IL5,IL1B,IL13,IL6,TNF",3.41e-13,1.03e-10,Intestinal epithelium
TISSUES,BTO:0000414,6,44,9606,"IL4,IL5,IL1B,IL13,IL6,TNF","IL4,IL5,IL1B,IL13,IL6,TNF",5.77e-13,1.56e-10,Epithelial cell
TISSUES,BTO:0000419,6,50,9606,"IL4,IL5,IL1B,IL13,CXCL8,IL6","IL4,IL5,IL1B,IL13,CXCL8,IL6",1.18e-12,2.85e-10,Respiratory epithelium
TISSUES,BTO:0000574,11,1019,9606,"CCL2,IL2,IL4,IL5,IL1B,IL9,CCL11,IL13,CXCL8,IL6,TNF","CCL2,IL2,IL4,IL5,IL1B,IL9,CCL11,IL13,CXCL8,IL6,TNF",2.37e-12,5.23e-10,Hematopoietic cell
TISSUES,BTO:0002417,5,28,9606,"IL2,IL4,IL5,IL13,IL6","IL2,IL4,IL5,IL13,IL6",1.9e-11,3.83e-09,Helper T-lymphocyte
TISSUES,BTO:0000089,12,1824,9606,"TGFB1,CCL2,IL2,IL4,IL5,IL1B,IL9,CCL11,IL13,CXCL8,IL6,TNF","TGFB1,CCL2,IL2,IL4,IL5,IL1B,IL9,CCL11,IL13,CXCL8,IL6,TNF",3.14e-11,5.86e-09,Blood
TISSUES,BTO:0001370,4,6,9606,"IL1B,CXCL8,IL6,TNF","IL1B,CXCL8,IL6,TNF",3.33e-11,5.86e-09,THP-1 cell
TISSUES,BTO:0000751,10,924,9606,"IL2,IL4,IL5,IL1B,IL9,CCL11,IL13,CXCL8,IL6,TNF","IL2,IL4,IL5,IL1B,IL9,CCL11,IL13,CXCL8,IL6,TNF",4.58e-11,7.4e-09,Leukocyte
TISSUES,BTO:0000519,4,7,9606,"IL1B,CXCL8,IL6,TNF","IL1B,CXCL8,IL6,TNF",5.24e-11,7.94e-09,Gingiva
TISSUES,BTO:0006110,4,9,9606,"IL4,IL1B,IL6,TNF","IL4,IL1B,IL6,TNF",1.13e-10,1.62e-08,M1 macrophage
TISSUES,BTO:0005265,4,11,9606,"TGFB1,IL1B,IL6,TNF","TGFB1,IL1B,IL6,TNF",2.16e-10,2.91e-08,Nonparenchymal liver cell
TISSUES,BTO:0004520,4,15,9606,"IL2,IL4,IL6,TNF","IL2,IL4,IL6,TNF",6.13e-10,7.44e-08,Regulatory T-lymphocyte
TISSUES,BTO:0000399,4,16,9606,"IL4,IL5,CCL11,IL13","IL4,IL5,CCL11,IL13",7.66e-10,8.85e-08,Eosinophil
TISSUES,BTO:0001340,4,25,9606,"IL5,IL1B,IL13,CXCL8","IL5,IL1B,IL13,CXCL8",3.74e-09,3.95e-07,Bronchus
TISSUES,BTO:0001031,3,3,9606,"IL1B,IL6,TNF","IL1B,IL6,TNF",5.7e-09,5.53e-07,Peritoneal fluid
TISSUES,BTO:0000416,8,697,9606,"IL4,IL5,IL1B,IL13,CXCL10,CXCL8,IL6,TNF","IL4,IL5,IL1B,IL13,CXCL10,CXCL8,IL6,TNF",6.39e-09,5.96e-07,Epithelium
TISSUES,BTO:0001026,3,4,9606,"IL1B,CXCL8,TNF","IL1B,CXCL8,TNF",9.96e-09,8.95e-07,Polymorphonuclear leukocyte
TISSUES,BTO:0004060,3,4,9606,"IL1B,IL6,TNF","IL1B,IL6,TNF",9.96e-09,8.95e-07,Fibroblast-like synoviocyte
TISSUES,BTO:0000737,5,108,9606,"IL2,IL1B,CXCL8,IL6,TNF","IL2,IL1B,CXCL8,IL6,TNF",1.09e-08,9.1e-07,Leukemia cell line
TISSUES,BTO:0000685,3,5,9606,"IL1B,IL6,TNF","IL1B,IL6,TNF",1.59e-08,1.29e-06,Kupffer cell
TISSUES,BTO:0001336,3,5,9606,"IL1B,IL6,TNF","IL1B,IL6,TNF",1.59e-08,1.29e-06,Synovial fibroblast
TISSUES,BTO:0003350,3,5,9606,"IL1B,IL6,TNF","IL1B,IL6,TNF",1.59e-08,1.29e-06,BV-2 cell
TISSUES,BTO:0003511,3,5,9606,"IL1B,IL6,TNF","IL1B,IL6,TNF",1.59e-08,1.29e-06,Alveolar epithelium
TISSUES,BTO:0004299,3,5,9606,"IL1B,CXCL8,IL6","IL1B,CXCL8,IL6",1.59e-08,1.29e-06,Lung epithelial cell
TISSUES,BTO:0000130,4,42,9606,"IL1B,CXCL8,IL6,TNF","IL1B,CXCL8,IL6,TNF",2.55e-08,1.51e-06,Neutrophil
TISSUES,BTO:0000782,6,279,9606,"IL2,IL4,IL5,IL13,IL6,TNF","IL2,IL4,IL5,IL13,IL6,TNF",2.36e-08,1.51e-06,T-lymphocyte
TISSUES,BTO:0001034,3,6,9606,"IL1B,IL6,TNF","IL1B,IL6,TNF",2.39e-08,1.51e-06,Peritoneal macrophage
TISSUES,BTO:0001660,3,6,9606,"IL5,CCL11,IL13","IL5,CCL11,IL13",2.39e-08,1.51e-06,Respiratory smooth muscle
TISSUES,BTO:0004533,3,6,9606,"IL13,CXCL8,IL6","IL13,CXCL8,IL6",2.39e-08,1.51e-06,Respiratory epithelium cell
TISSUES,BTO:0001540,3,7,9606,"IL4,IL5,IL13","IL4,IL5,IL13",3.41e-08,1.92e-06,Goblet cell
TISSUES,BTO:0001679,3,7,9606,"IL4,IL5,IL13","IL4,IL5,IL13",3.41e-08,1.92e-06,Th2 cell
TISSUES,BTO:0005937,3,7,9606,"IL1B,IL6,TNF","IL1B,IL6,TNF",3.41e-08,1.92e-06,Intestinal epithelial cell
TISSUES,BTO:0000802,3,8,9606,"IL1B,IL6,TNF","IL1B,IL6,TNF",4.69e-08,2.37e-06,Alveolar macrophage
TISSUES,BTO:0003292,3,8,9606,"IL1B,IL6,TNF","IL1B,IL6,TNF",4.69e-08,2.37e-06,RAW-264.7 cell
TISSUES,BTO:0004732,3,8,9606,"IL1B,IL6,TNF","IL1B,IL6,TNF",4.69e-08,2.37e-06,Bone marrow-derived macrophage
TISSUES,BTO:0006111,3,8,9606,"IL4,IL13,IL6","IL4,IL13,IL6",4.69e-08,2.37e-06,M2 macrophage
TISSUES,BTO:0000058,10,2021,9606,"TGFB1,IL4,IL5,IL1RN,IL1B,CCL11,IL13,CXCL8,IL6,TNF","TGFB1,IL4,IL5,IL1RN,IL1B,CCL11,IL13,CXCL8,IL6,TNF",8.94e-08,3.81e-06,Alimentary canal
TISSUES,BTO:0000129,3,12,9606,"IL4,IL5,IL13","IL4,IL5,IL13",1.29e-07,5.31e-06,Basophil
TISSUES,BTO:0002045,3,12,9606,"IL1B,IL6,TNF","IL1B,IL6,TNF",1.29e-07,5.31e-06,Capillary
TISSUES,BTO:0000078,3,15,9606,"IL1B,IL6,TNF","IL1B,IL6,TNF",2.31e-07,9.05e-06,Microglia
TISSUES,BTO:0001539,3,18,9606,"CCL2,IL6,TNF","CCL2,IL6,TNF",3.76e-07,1.4e-05,Parenchyma
TISSUES,BTO:0000553,5,227,9606,"IL2,IL4,IL1B,IL13,TNF","IL2,IL4,IL1B,IL13,TNF",3.97e-07,1.46e-05,Peripheral blood
TISSUES,BTO:0001686,3,20,9606,"IL1B,IL6,TNF","IL1B,IL6,TNF",5.01e-07,1.81e-05,Joint
TISSUES,BTO:0001043,3,21,9606,"IL1B,IL6,TNF","IL1B,IL6,TNF",5.72e-07,2.04e-05,Adult
TISSUES,BTO:0000511,9,1816,9606,"TGFB1,IL4,IL5,IL1B,CCL11,IL13,CXCL8,IL6,TNF","TGFB1,IL4,IL5,IL1B,CCL11,IL13,CXCL8,IL6,TNF",6.38e-07,2.24e-05,Gastrointestinal tract
TISSUES,BTO:0000294,3,22,9606,"TGFB1,IL6,TNF","TGFB1,IL6,TNF",6.5e-07,2.25e-05,Dermis
TISSUES,BTO:0000648,8,1349,9606,"TGFB1,IL4,IL5,IL1B,CCL11,IL13,IL6,TNF","TGFB1,IL4,IL5,IL1B,CCL11,IL13,IL6,TNF",1.02e-06,3.48e-05,Intestine
TISSUES,BTO:0000020,4,113,9606,"TGFB1,IL1B,IL6,TNF","TGFB1,IL1B,IL6,TNF",1.13e-06,3.8e-05,Abdomen
TISSUES,BTO:0000763,8,1395,9606,"IL4,IL5,IL1B,CCL11,IL13,CXCL8,IL6,TNF","IL4,IL5,IL1B,CCL11,IL13,CXCL8,IL6,TNF",1.31e-06,4.37e-05,Lung
TISSUES,BTO:0000421,7,954,9606,"TGFB1,IL4,IL5,IL1B,IL13,IL6,TNF","TGFB1,IL4,IL5,IL1B,IL13,IL6,TNF",1.63e-06,5.29e-05,Connective tissue
TISSUES,BTO:0001441,4,124,9606,"IL1B,CXCL8,IL6,TNF","IL1B,CXCL8,IL6,TNF",1.61e-06,5.29e-05,Marrow cell
TISSUES,BTO:0001025,3,34,9606,"IL2,IL13,TNF","IL2,IL13,TNF",2.18e-06,6.97e-05,Peripheral blood mononuclear cell
TISSUES,BTO:0000634,9,2112,9606,"TGFB1,IL4,IL5,IL1B,IL13,CXCL10,CXCL8,IL6,TNF","TGFB1,IL4,IL5,IL1B,IL13,CXCL10,CXCL8,IL6,TNF",2.3e-06,7.14e-05,Integument
TISSUES,BTO:0000338,2,2,9606,"IL1B,IL6","IL1B,IL6",2.81e-06,8.62e-05,Dental plaque
TISSUES,BTO:0001846,2,2,9606,"IL5,IL13","IL5,IL13",2.81e-06,8.62e-05,Bronchial mucosa
TISSUES,BTO:0004706,2,2,9606,"IL1B,TNF","IL1B,TNF",2.81e-06,8.62e-05,Ankle joint
TISSUES,BTO:0002174,2,3,9606,"IL6,TNF","IL6,TNF",4.68e-06,0.00014,Parenchymal cell
TISSUES,BTO:0002316,2,3,9606,"TGFB1,IL6","TGFB1,IL6",4.68e-06,0.00014,Stellate cell
TISSUES,BTO:0003703,2,3,9606,"IL1B,IL6","IL1B,IL6",4.68e-06,0.00014,Rheumatoid arthritis disease specific fibroblast-like synoviocyte
TISSUES,BTO:0004138,2,3,9606,"IL1B,IL6","IL1B,IL6",4.68e-06,0.00014,Gingival fibroblast
TISSUES,BTO:0004297,2,3,9606,"IL6,TNF","IL6,TNF",4.68e-06,0.00014,Colonic epithelial cell
TISSUES,BTO:0004977,2,3,9606,"IL4,IL5","IL4,IL5",4.68e-06,0.00014,Nasal lavage fluid
TISSUES,BTO:0005810,8,1664,9606,"CCL2,IL2,IL4,IL5,IL1B,IL13,IL6,TNF","CCL2,IL2,IL4,IL5,IL1B,IL13,IL6,TNF",4.97e-06,0.00014,Immune system
TISSUES,BTO:0000104,3,53,9606,"IL2,IL1B,TNF","IL2,IL1B,TNF",7.73e-06,0.00018,Lymphoma cell line
TISSUES,BTO:0001412,2,4,9606,"IL1B,TNF","IL1B,TNF",7.01e-06,0.00018,U-937 cell
TISSUES,BTO:0002279,2,4,9606,"IL1B,TNF","IL1B,TNF",7.01e-06,0.00018,J-774 cell
TISSUES,BTO:0002345,3,52,9606,"IL1B,IL6,TNF","IL1B,IL6,TNF",7.32e-06,0.00018,Hindlimb
TISSUES,BTO:0002690,2,4,9606,"IL1B,IL6","IL1B,IL6",7.01e-06,0.00018,Biofilm
TISSUES,BTO:0003364,2,4,9606,"IL1B,IL6","IL1B,IL6",7.01e-06,0.00018,Gingival fluid
TISSUES,BTO:0005760,2,4,9606,"IL1B,IL6","IL1B,IL6",7.01e-06,0.00018,Alveolar epithelial cell
TISSUES,BTO:0006181,2,4,9606,"IL2,IL4","IL2,IL4",7.01e-06,0.00018,Buffy coat
TISSUES,BTO:0006244,2,4,9606,"IL1B,IL6","IL1B,IL6",7.01e-06,0.00018,Blood-brain barrier
TISSUES,BTO:0001369,6,780,9606,"IL5,IL1B,CCL11,IL13,IL6,TNF","IL5,IL1B,CCL11,IL13,IL6,TNF",8.99e-06,0.00021,Vertebrate muscular system
TISSUES,BTO:0001491,12,5378,9606,"TGFB1,CCL2,IL2,IL4,IL5,IL1RN,IL1B,CCL11,IL13,CXCL8,IL6,TNF","TGFB1,CCL2,IL2,IL4,IL5,IL1RN,IL1B,CCL11,IL13,CXCL8,IL6,TNF",8.82e-06,0.00021,Viscus
TISSUES,BTO:0000452,4,224,9606,"TGFB1,IL1B,IL6,TNF","TGFB1,IL1B,IL6,TNF",1.59e-05,0.00036,Fibroblast
TISSUES,BTO:0001297,2,7,9606,"IL5,CXCL8","IL5,CXCL8",1.68e-05,0.00037,Sputum
TISSUES,BTO:0002168,2,7,9606,"IL6,TNF","IL6,TNF",1.68e-05,0.00037,Juvenile
TISSUES,BTO:0003595,2,7,9606,"IL1B,IL6","IL1B,IL6",1.68e-05,0.00037,Knee
TISSUES,BTO:0006187,2,7,9606,"IL6,TNF","IL6,TNF",1.68e-05,0.00037,Venous blood
TISSUES,BTO:0002922,2,9,9606,"IL1B,CXCL8","IL1B,CXCL8",2.57e-05,0.00055,Bronchial epithelial cell
TISSUES,BTO:0001782,2,10,9606,"IL6,TNF","IL6,TNF",3.08e-05,0.00064,Peritoneal cavity
TISSUES,BTO:0000876,3,92,9606,"IL1B,IL6,TNF","IL1B,IL6,TNF",3.8e-05,0.00076,Monocyte
TISSUES,BTO:0000575,2,13,9606,"IL6,TNF","IL6,TNF",4.89e-05,0.00093,Hepatocyte
TISSUES,BTO:0000753,7,1600,9606,"IL2,IL4,IL5,IL1B,IL13,IL6,TNF","IL2,IL4,IL5,IL1B,IL13,IL6,TNF",4.85e-05,0.00093,Lymphoid tissue
TISSUES,BTO:0001598,2,13,9606,"IL2,IL4","IL2,IL4",4.89e-05,0.00093,Splenocyte
TISSUES,BTO:0005871,2,13,9606,"IL2,IL4","IL2,IL4",4.89e-05,0.00093,Naive T-lymphocyte
TISSUES,BTO:0000473,2,15,9606,"IL1B,IL6","IL1B,IL6",6.33e-05,0.0012,Fetal membrane
TISSUES,BTO:0001253,6,1151,9606,"TGFB1,IL1B,CXCL10,CXCL8,IL6,TNF","TGFB1,IL1B,CXCL10,CXCL8,IL6,TNF",8.05e-05,0.0015,Skin
TISSUES,BTO:0001085,4,420,9606,"TGFB1,IL1B,IL6,TNF","TGFB1,IL1B,IL6,TNF",0.00018,0.0032,Vascular system
TISSUES,BTO:0000166,2,35,9606,"IL1B,IL6","IL1B,IL6",0.00031,0.0054,Cecum
TISSUES,BTO:0001481,3,238,9606,"IL1B,IL6,TNF","IL1B,IL6,TNF",0.00059,0.0102,Plant
TISSUES,BTO:0000522,11,7004,9606,"TGFB1,CCL2,IL4,IL5,IL1RN,IL1B,IL13,CXCL10,CXCL8,IL6,TNF","TGFB1,CCL2,IL4,IL5,IL1RN,IL1B,IL13,CXCL10,CXCL8,IL6,TNF",0.0013,0.0216,Gland
TISSUES,BTO:0000345,7,2881,9606,"TGFB1,CCL2,IL1RN,IL1B,CXCL8,IL6,TNF","TGFB1,CCL2,IL1RN,IL1B,CXCL8,IL6,TNF",0.0019,0.0311,Digestive gland
TISSUES,BTO:0002042,2,110,9606,"IL4,IL1B","IL4,IL1B",0.0028,0.045,Dendritic cell
DISEASES,DOID:0050161,12,226,9606,"TGFB1,CCL2,IL2,IL4,IL5,IL1B,CCL11,IL13,CXCL10,CXCL8,IL6,TNF","TGFB1,CCL2,IL2,IL4,IL5,IL1B,CCL11,IL13,CXCL10,CXCL8,IL6,TNF",6.47e-22,2.97e-18,Lower respiratory tract disease
DISEASES,DOID:1176,8,53,9606,"IL2,IL4,IL5,CCL11,IL13,CXCL8,IL6,TNF","IL2,IL4,IL5,CCL11,IL13,CXCL8,IL6,TNF",1.54e-17,2.36e-14,Bronchial disease
DISEASES,DOID:11394,6,10,9606,"CCL2,IL1B,CXCL10,CXCL8,IL6,TNF","CCL2,IL1B,CXCL10,CXCL8,IL6,TNF",2.94e-16,3.38e-13,Adult respiratory distress syndrome
DISEASES,DOID:2841,7,40,9606,"IL2,IL4,IL5,CCL11,IL13,IL6,TNF","IL2,IL4,IL5,CCL11,IL13,IL6,TNF",9.3e-16,8.54e-13,Asthma
DISEASES,DOID:850,9,178,9606,"TGFB1,CCL2,IL4,IL5,IL1B,CXCL10,CXCL8,IL6,TNF","TGFB1,CCL2,IL4,IL5,IL1B,CXCL10,CXCL8,IL6,TNF",9.85e-16,8.54e-13,Lung disease
DISEASES,DOID:986,7,47,9606,"CCL2,IL2,IL4,IL1RN,IL1B,IL13,TNF","CCL2,IL2,IL4,IL1RN,IL1B,IL13,TNF",2.61e-15,1.71e-12,Alopecia areata
DISEASES,DOID:0060496,6,25,9606,"IL2,IL4,IL5,IL1B,CCL11,IL13","IL2,IL4,IL5,IL1B,CCL11,IL13",2.69e-14,1.37e-11,Respiratory allergy
DISEASES,DOID:2914,11,675,9606,"CCL2,IL2,IL4,IL5,IL1RN,IL1B,IL9,CCL11,IL13,IL6,TNF","CCL2,IL2,IL4,IL5,IL1RN,IL1B,IL9,CCL11,IL13,IL6,TNF",2.77e-14,1.37e-11,Immune system disease
DISEASES,DOID:1205,7,72,9606,"IL2,IL4,IL5,IL1B,CCL11,IL13,TNF","IL2,IL4,IL5,IL1B,CCL11,IL13,TNF",4.24e-14,1.77e-11,Allergic disease
DISEASES,DOID:0060032,8,200,9606,"CCL2,IL2,IL4,IL1RN,IL1B,IL13,IL6,TNF","CCL2,IL2,IL4,IL1RN,IL1B,IL13,IL6,TNF",3.82e-13,1.35e-10,Autoimmune disease of musculoskeletal system
DISEASES,DOID:0050117,9,368,9606,"IL2,IL4,IL5,IL1B,IL13,CXCL10,CXCL8,IL6,TNF","IL2,IL4,IL5,IL1B,IL13,CXCL10,CXCL8,IL6,TNF",5.73e-13,1.88e-10,Disease by infectious agent
DISEASES,DOID:4483,5,14,9606,"IL2,IL4,IL5,IL1B,IL13","IL2,IL4,IL5,IL1B,IL13",9.34e-13,2.86e-10,Rhinitis
DISEASES,DOID:0080600,5,16,9606,"IL1B,CXCL10,CXCL8,IL6,TNF","IL1B,CXCL10,CXCL8,IL6,TNF",1.63e-12,4.69e-10,COVID-19
DISEASES,DOID:612,9,470,9606,"CCL2,IL2,IL4,IL1RN,IL1B,IL9,IL13,IL6,TNF","CCL2,IL2,IL4,IL1RN,IL1B,IL9,IL13,IL6,TNF",4.93e-12,1.33e-09,Primary immunodeficiency disease
DISEASES,DOID:974,6,67,9606,"IL2,IL4,IL5,IL1B,IL13,TNF","IL2,IL4,IL5,IL1B,IL13,TNF",6.13e-12,1.48e-09,Upper respiratory tract disease
DISEASES,DOID:552,5,24,9606,"IL5,IL1B,CXCL8,IL6,TNF","IL5,IL1B,CXCL8,IL6,TNF",9.5e-12,2.08e-09,Pneumonia
DISEASES,DOID:9498,4,4,9606,"IL4,IL5,CCL11,IL13","IL4,IL5,CCL11,IL13",1.11e-11,2.32e-09,Pulmonary eosinophilia
DISEASES,DOID:9500,6,77,9606,"IL2,IL4,IL5,CCL11,IL13,IL6","IL2,IL4,IL5,CCL11,IL13,IL6",1.35e-11,2.71e-09,Leukocyte disease
DISEASES,DOID:77,9,576,9606,"TGFB1,CCL2,IL4,IL5,IL1B,CCL11,CXCL8,IL6,TNF","TGFB1,CCL2,IL4,IL5,IL1B,CCL11,CXCL8,IL6,TNF",2.95e-11,5.41e-09,Gastrointestinal system disease
DISEASES,DOID:5295,7,216,9606,"TGFB1,CCL2,IL4,IL5,IL1B,IL6,TNF","TGFB1,CCL2,IL4,IL5,IL1B,IL6,TNF",6.92e-11,1.18e-08,Intestinal disease
DISEASES,DOID:824,4,10,9606,"IL1B,CXCL8,IL6,TNF","IL1B,CXCL8,IL6,TNF",1.59e-10,2.59e-08,Periodontitis
DISEASES,DOID:848,6,118,9606,"TGFB1,IL2,IL1B,IL13,IL6,TNF","TGFB1,IL2,IL1B,IL13,IL6,TNF",1.58e-10,2.59e-08,Arthritis
DISEASES,DOID:9415,4,10,9606,"IL4,IL5,CCL11,IL13","IL4,IL5,CCL11,IL13",1.59e-10,2.59e-08,Allergic asthma
DISEASES,DOID:178,7,249,9606,"TGFB1,CCL2,IL2,IL1B,CXCL8,IL6,TNF","TGFB1,CCL2,IL2,IL1B,CXCL8,IL6,TNF",1.82e-10,2.7e-08,Vascular disease
DISEASES,DOID:4481,4,11,9606,"IL2,IL4,IL5,IL13","IL2,IL4,IL5,IL13",2.16e-10,3.11e-08,Allergic rhinitis
DISEASES,DOID:6195,4,11,9606,"IL4,IL5,CCL11,IL13","IL4,IL5,CCL11,IL13",2.16e-10,3.11e-08,Conjunctivitis
DISEASES,DOID:0050828,6,130,9606,"TGFB1,CCL2,IL1B,CXCL8,IL6,TNF","TGFB1,CCL2,IL1B,CXCL8,IL6,TNF",2.77e-10,3.64e-08,Artery disease
DISEASES,DOID:74,8,473,9606,"IL2,IL4,IL5,IL1B,CCL11,IL13,IL6,TNF","IL2,IL4,IL5,IL1B,CCL11,IL13,IL6,TNF",3.13e-10,4e-08,Hematopoietic system disease
DISEASES,DOID:934,6,133,9606,"IL2,IL1B,CXCL10,CXCL8,IL6,TNF","IL2,IL1B,CXCL10,CXCL8,IL6,TNF",3.16e-10,4e-08,Viral infectious disease
DISEASES,DOID:17,10,1154,9606,"TGFB1,CCL2,IL2,IL4,IL5,IL1RN,IL1B,IL13,IL6,TNF","TGFB1,CCL2,IL2,IL4,IL5,IL1RN,IL1B,IL13,IL6,TNF",4e-10,4.64e-08,Musculoskeletal system disease
DISEASES,DOID:65,9,774,9606,"TGFB1,CCL2,IL2,IL4,IL1RN,IL1B,IL13,IL6,TNF","TGFB1,CCL2,IL2,IL4,IL1RN,IL1B,IL13,IL6,TNF",3.94e-10,4.64e-08,Connective tissue disease
DISEASES,DOID:1287,8,493,9606,"TGFB1,CCL2,IL2,IL5,IL1B,CXCL8,IL6,TNF","TGFB1,CCL2,IL2,IL5,IL1B,CXCL8,IL6,TNF",4.32e-10,4.85e-08,Cardiovascular system disease
DISEASES,DOID:0050589,5,58,9606,"CCL2,IL5,IL1B,IL6,TNF","CCL2,IL5,IL1B,IL6,TNF",5.55e-10,6.07e-08,Inflammatory bowel disease
DISEASES,DOID:37,8,518,9606,"CCL2,IL2,IL4,IL5,IL1RN,IL1B,IL13,TNF","CCL2,IL2,IL4,IL5,IL1RN,IL1B,IL13,TNF",6.36e-10,6.79e-08,Skin disease
DISEASES,DOID:8469,4,16,9606,"IL2,IL1B,IL6,TNF","IL2,IL1B,IL6,TNF",7.66e-10,8e-08,Influenza
DISEASES,DOID:1936,4,21,9606,"CCL2,IL1B,IL6,TNF","CCL2,IL1B,IL6,TNF",2e-09,1.91e-07,Atherosclerosis
DISEASES,DOID:7,14,4798,9606,"TGFB1,CCL2,IL2,IL4,IL5,IL1RN,IL1B,IL9,CCL11,IL13,CXCL10,CXCL8,IL6,TNF","TGFB1,CCL2,IL2,IL4,IL5,IL1RN,IL1B,IL9,CCL11,IL13,CXCL10,CXCL8,IL6,TNF",2.63e-09,2.42e-07,Disease of anatomical entity
DISEASES,DOID:0050697,3,4,9606,"IL1B,CXCL8,IL6","IL1B,CXCL8,IL6",9.96e-09,8.8e-07,Chorioamnionitis
DISEASES,DOID:3393,4,36,9606,"TGFB1,CXCL8,IL6,TNF","TGFB1,CXCL8,IL6,TNF",1.43e-08,1.24e-06,Coronary artery disease
DISEASES,DOID:10459,3,5,9606,"IL4,IL5,IL13","IL4,IL5,IL13",1.59e-08,1.36e-06,Common cold
DISEASES,DOID:11396,3,5,9606,"IL1B,IL6,TNF","IL1B,IL6,TNF",1.59e-08,1.36e-06,Pulmonary edema
DISEASES,DOID:8283,3,5,9606,"IL1B,IL6,TNF","IL1B,IL6,TNF",1.59e-08,1.36e-06,Peritonitis
DISEASES,DOID:0080001,7,540,9606,"TGFB1,IL2,IL4,IL1B,IL13,IL6,TNF","TGFB1,IL2,IL4,IL1B,IL13,IL6,TNF",3.53e-08,2.85e-06,Bone disease
DISEASES,DOID:104,5,140,9606,"IL2,IL1B,CXCL8,IL6,TNF","IL2,IL1B,CXCL8,IL6,TNF",3.81e-08,3.02e-06,Bacterial infectious disease
DISEASES,DOID:2703,3,8,9606,"IL1B,IL6,TNF","IL1B,IL6,TNF",4.69e-08,3.65e-06,Synovitis
DISEASES,DOID:9360,3,8,9606,"IL4,IL5,IL13","IL4,IL5,IL13",4.69e-08,3.65e-06,Intrinsic asthma
DISEASES,DOID:820,3,11,9606,"IL1B,IL6,TNF","IL1B,IL6,TNF",1.03e-07,7.78e-06,Myocarditis
DISEASES,DOID:8567,3,11,9606,"IL4,IL13,TNF","IL4,IL13,TNF",1.03e-07,7.78e-06,Hodgkins lymphoma
DISEASES,DOID:9471,3,12,9606,"IL1B,IL6,TNF","IL1B,IL6,TNF",1.29e-07,9.27e-06,Meningitis
DISEASES,DOID:1398,4,68,9606,"IL4,IL5,IL13,TNF","IL4,IL5,IL13,TNF",1.59e-07,1.11e-05,Parasitic infectious disease
DISEASES,DOID:640,3,13,9606,"IL4,IL1B,IL6","IL4,IL1B,IL6",1.59e-07,1.11e-05,Encephalomyelitis
DISEASES,DOID:2531,5,190,9606,"IL2,IL4,IL1B,IL13,TNF","IL2,IL4,IL1B,IL13,TNF",1.68e-07,1.13e-05,Hematologic cancer
DISEASES,DOID:526,3,14,9606,"IL2,IL6,TNF","IL2,IL6,TNF",1.93e-07,1.28e-05,Human immunodeficiency virus infectious disease
DISEASES,DOID:2723,4,74,9606,"IL4,IL5,IL13,TNF","IL4,IL5,IL13,TNF",2.2e-07,1.45e-05,Dermatitis
DISEASES,DOID:7148,4,74,9606,"IL2,IL1B,IL6,TNF","IL2,IL1B,IL6,TNF",2.2e-07,1.45e-05,Rheumatoid arthritis
DISEASES,DOID:3310,3,15,9606,"IL4,IL5,IL13","IL4,IL5,IL13",2.31e-07,1.48e-05,Atopic dermatitis
DISEASES,DOID:5614,7,749,9606,"IL4,IL5,IL1RN,IL1B,CCL11,IL13,TNF","IL4,IL5,IL1RN,IL1B,CCL11,IL13,TNF",3.22e-07,1.97e-05,Eye disease
DISEASES,DOID:0050686,7,757,9606,"TGFB1,IL2,IL4,IL1B,IL13,IL6,TNF","TGFB1,IL2,IL4,IL1B,IL13,IL6,TNF",3.46e-07,2.09e-05,Organ system cancer
DISEASES,DOID:2377,3,19,9606,"IL1B,IL6,TNF","IL1B,IL6,TNF",4.36e-07,2.6e-05,Multiple sclerosis
DISEASES,DOID:409,4,97,9606,"IL4,IL5,IL6,TNF","IL4,IL5,IL6,TNF",6.25e-07,3.59e-05,Liver disease
DISEASES,DOID:3044,3,24,9606,"IL4,IL5,IL13","IL4,IL5,IL13",8.26e-07,4.68e-05,Food allergy
DISEASES,DOID:8778,3,24,9606,"CCL2,IL5,TNF","CCL2,IL5,TNF",8.26e-07,4.68e-05,Crohns disease
DISEASES,DOID:0060058,4,105,9606,"IL2,IL4,IL13,TNF","IL2,IL4,IL13,TNF",8.48e-07,4.7e-05,Lymphoma
DISEASES,DOID:9352,3,25,9606,"IL1B,IL6,TNF","IL1B,IL6,TNF",9.24e-07,5.06e-05,Type 2 diabetes mellitus
DISEASES,DOID:557,5,275,9606,"TGFB1,IL2,IL1RN,IL6,TNF","TGFB1,IL2,IL1RN,IL6,TNF",1.01e-06,5.37e-05,Kidney disease
DISEASES,DOID:0060180,3,27,9606,"IL1B,IL6,TNF","IL1B,IL6,TNF",1.14e-06,6.05e-05,Colitis
DISEASES,DOID:5844,3,27,9606,"TGFB1,CXCL8,IL6","TGFB1,CXCL8,IL6",1.14e-06,6.05e-05,Myocardial infarction
DISEASES,DOID:8893,3,29,9606,"IL4,IL13,TNF","IL4,IL13,TNF",1.4e-06,7.13e-05,Psoriasis
DISEASES,DOID:326,3,30,9606,"IL1B,IL6,TNF","IL1B,IL6,TNF",1.54e-06,7.59e-05,Ischemia
DISEASES,DOID:883,3,32,9606,"IL4,IL5,IL13","IL4,IL5,IL13",1.84e-06,8.91e-05,Parasitic helminthiasis infectious disease
DISEASES,DOID:15,5,317,9606,"TGFB1,IL1B,CXCL8,IL6,TNF","TGFB1,IL1B,CXCL8,IL6,TNF",2e-06,9.38e-05,Reproductive system disease
DISEASES,DOID:10325,2,2,9606,"TGFB1,IL1B","TGFB1,IL1B",2.81e-06,0.00013,Silicosis
DISEASES,DOID:11204,2,3,9606,"IL5,IL13","IL5,IL13",4.68e-06,0.00021,Allergic conjunctivitis
DISEASES,DOID:2942,2,3,9606,"IL4,CXCL8","IL4,CXCL8",4.68e-06,0.00021,Bronchiolitis
DISEASES,DOID:3385,2,3,9606,"IL1B,CXCL8","IL1B,CXCL8",4.68e-06,0.00021,Bacterial vaginosis
DISEASES,DOID:4031,2,3,9606,"IL5,CCL11","IL5,CCL11",4.68e-06,0.00021,Eosinophilic gastroenteritis
DISEASES,DOID:6713,3,46,9606,"IL1B,IL6,TNF","IL1B,IL6,TNF",5.15e-06,0.00022,Cerebrovascular disease
DISEASES,DOID:3087,2,4,9606,"IL1B,IL6","IL1B,IL6",7.01e-06,0.00029,Gingivitis
DISEASES,DOID:3526,2,4,9606,"IL1B,IL6","IL1B,IL6",7.01e-06,0.00029,Cerebral infarction
DISEASES,DOID:6132,2,4,9606,"IL6,TNF","IL6,TNF",7.01e-06,0.00029,Bronchitis
DISEASES,DOID:229,4,192,9606,"IL1B,CXCL8,IL6,TNF","IL1B,CXCL8,IL6,TNF",8.78e-06,0.00035,Female reproductive system disease
DISEASES,DOID:2508,2,5,9606,"IL6,TNF","IL6,TNF",9.82e-06,0.00039,Takayasus arteritis
DISEASES,DOID:2913,2,6,9606,"IL6,TNF","IL6,TNF",1.31e-05,0.00051,Acute pancreatitis
DISEASES,DOID:1395,2,9,9606,"IL4,IL13","IL4,IL13",2.57e-05,0.00098,Schistosomiasis
DISEASES,DOID:3602,2,9,9606,"IL1B,IL6","IL1B,IL6",2.57e-05,0.00098,Toxic encephalopathy
DISEASES,DOID:614,2,9,9606,"IL2,IL6","IL2,IL6",2.57e-05,0.00098,Lymphopenia
DISEASES,DOID:114,4,270,9606,"IL5,IL1B,IL6,TNF","IL5,IL1B,IL6,TNF",3.28e-05,0.0012,Heart disease
DISEASES,DOID:635,2,10,9606,"IL2,TNF","IL2,TNF",3.08e-05,0.0012,Acquired immunodeficiency syndrome
DISEASES,DOID:9008,2,11,9606,"IL13,TNF","IL13,TNF",3.64e-05,0.0013,Psoriatic arthritis
DISEASES,DOID:2316,2,12,9606,"IL1B,IL6","IL1B,IL6",4.24e-05,0.0015,Brain ischemia
DISEASES,DOID:863,8,2275,9606,"IL4,IL5,IL1RN,IL1B,CCL11,IL13,IL6,TNF","IL4,IL5,IL1RN,IL1B,CCL11,IL13,IL6,TNF",5.03e-05,0.0018,Nervous system disease
DISEASES,DOID:0050338,3,105,9606,"IL2,IL6,TNF","IL2,IL6,TNF",5.57e-05,0.0019,Primary bacterial infectious disease
DISEASES,DOID:3083,2,16,9606,"IL6,TNF","IL6,TNF",7.12e-05,0.0024,Chronic obstructive pulmonary disease
DISEASES,DOID:399,2,16,9606,"IL6,TNF","IL6,TNF",7.12e-05,0.0024,Tuberculosis
DISEASES,DOID:8398,2,20,9606,"TGFB1,IL1B","TGFB1,IL1B",0.00011,0.0036,Osteoarthritis
DISEASES,DOID:676,2,28,9606,"IL6,TNF","IL6,TNF",0.0002,0.0065,Juvenile rheumatoid arthritis
DISEASES,DOID:13250,2,29,9606,"IL6,TNF","IL6,TNF",0.00022,0.0069,Diarrhea
DISEASES,DOID:2789,2,33,9606,"IL4,TNF","IL4,TNF",0.00027,0.0087,Parasitic protozoa infectious disease
DISEASES,DOID:10763,2,41,9606,"IL6,TNF","IL6,TNF",0.00042,0.0131,Hypertension
DISEASES,DOID:2978,3,268,9606,"IL1B,IL6,TNF","IL1B,IL6,TNF",0.00084,0.026,Carbohydrate metabolic disorder
DISEASES,DOID:331,5,1199,9606,"IL4,IL5,IL1B,IL6,TNF","IL4,IL5,IL1B,IL6,TNF",0.0011,0.0327,Central nervous system disease
Keyword,KW-0202,12,187,9606,"CCL2,IL2,IL4,IL5,IL1B,IL9,CCL11,IL13,CXCL10,CXCL8,IL6,TNF","CCL2,IL2,IL4,IL5,IL1B,IL9,CCL11,IL13,CXCL10,CXCL8,IL6,TNF",7.16e-23,4.81e-20,Cytokine
Keyword,KW-0964,14,1839,9606,"TGFB1,CCL2,IL2,IL4,IL5,IL1RN,IL1B,IL9,CCL11,IL13,CXCL10,CXCL8,IL6,TNF","TGFB1,CCL2,IL2,IL4,IL5,IL1RN,IL1B,IL9,CCL11,IL13,CXCL10,CXCL8,IL6,TNF",4.02e-15,1.35e-12,Secreted
Keyword,KW-0339,6,129,9606,"TGFB1,IL2,IL4,IL5,IL9,IL6","TGFB1,IL2,IL4,IL5,IL9,IL6",2.65e-10,5.93e-08,Growth factor
Keyword,KW-0732,12,3277,9606,"TGFB1,CCL2,IL2,IL4,IL5,IL1RN,IL9,CCL11,IL13,CXCL10,CXCL8,IL6","TGFB1,CCL2,IL2,IL4,IL5,IL1RN,IL9,CCL11,IL13,CXCL10,CXCL8,IL6",2.98e-08,5.01e-06,Signal
Keyword,KW-1015,12,3338,9606,"TGFB1,CCL2,IL2,IL4,IL5,IL1RN,CCL11,IL13,CXCL10,CXCL8,IL6,TNF","TGFB1,CCL2,IL2,IL4,IL5,IL1RN,CCL11,IL13,CXCL10,CXCL8,IL6,TNF",3.7e-08,5.01e-06,Disulfide bond
Keyword,KW-0395,5,163,9606,"CCL2,IL1B,CCL11,CXCL10,CXCL8","CCL2,IL1B,CCL11,CXCL10,CXCL8",7.97e-08,8.92e-06,Inflammatory response
Keyword,KW-0145,4,94,9606,"CCL2,CCL11,CXCL10,CXCL8","CCL2,CCL11,CXCL10,CXCL8",5.53e-07,5.31e-05,Chemotaxis
Keyword,KW-0325,11,4386,9606,"TGFB1,CCL2,IL2,IL4,IL5,IL1RN,IL9,CCL11,IL13,IL6,TNF","TGFB1,CCL2,IL2,IL4,IL5,IL1RN,IL9,CCL11,IL13,IL6,TNF",1.24e-05,0.001,Glycoprotein
Keyword,KW-0497,2,39,9606,"TGFB1,IL1B","TGFB1,IL1B",0.00038,0.0282,Mitogen
KEGG,hsa04060,14,282,9606,"TGFB1,CCL2,IL2,IL4,IL5,IL1RN,IL1B,IL9,CCL11,IL13,CXCL10,CXCL8,IL6,TNF","TGFB1,CCL2,IL2,IL4,IL5,IL1RN,IL1B,IL9,CCL11,IL13,CXCL10,CXCL8,IL6,TNF",2.18e-26,7.32e-24,Cytokine-cytokine receptor interaction
KEGG,hsa04657,10,91,9606,"CCL2,IL4,IL5,IL1B,CCL11,IL13,CXCL10,CXCL8,IL6,TNF","CCL2,IL4,IL5,IL1B,CCL11,IL13,CXCL10,CXCL8,IL6,TNF",7.76e-21,1.3e-18,IL-17 signaling pathway
KEGG,hsa05321,8,59,9606,"TGFB1,IL2,IL4,IL5,IL1B,IL13,IL6,TNF","TGFB1,IL2,IL4,IL5,IL1B,IL13,IL6,TNF",3.41e-17,3.82e-15,Inflammatory bowel disease
KEGG,hsa05310,6,27,9606,"IL4,IL5,IL9,CCL11,IL13,TNF","IL4,IL5,IL9,CCL11,IL13,TNF",4.05e-14,3.4e-12,Asthma
KEGG,hsa04061,7,96,9606,"CCL2,IL2,CCL11,CXCL10,CXCL8,IL6,TNF","CCL2,IL2,CCL11,CXCL10,CXCL8,IL6,TNF",2.88e-13,1.93e-11,Viral protein interaction with cytokine and cytokine receptor
KEGG,hsa05142,7,97,9606,"TGFB1,CCL2,IL2,IL1B,CXCL8,IL6,TNF","TGFB1,CCL2,IL2,IL1B,CXCL8,IL6,TNF",3.09e-13,1.93e-11,Chagas disease
KEGG,hsa05144,6,46,9606,"TGFB1,CCL2,IL1B,CXCL8,IL6,TNF","TGFB1,CCL2,IL1B,CXCL8,IL6,TNF",7.39e-13,3.55e-11,Malaria
KEGG,hsa05323,6,83,9606,"TGFB1,CCL2,IL1B,CXCL8,IL6,TNF","TGFB1,CCL2,IL1B,CXCL8,IL6,TNF",2.08e-11,8.74e-10,Rheumatoid arthritis
KEGG,hsa04933,6,96,9606,"TGFB1,CCL2,IL1B,CXCL8,IL6,TNF","TGFB1,CCL2,IL1B,CXCL8,IL6,TNF",4.8e-11,1.79e-09,AGE-RAGE signaling pathway in diabetic complications
KEGG,hsa04672,5,43,9606,"TGFB1,IL2,IL4,IL5,IL6","TGFB1,IL2,IL4,IL5,IL6",1.36e-10,4.57e-09,Intestinal immune network for IgA production
KEGG,hsa05135,6,124,9606,"CCL2,IL2,IL1B,CXCL8,IL6,TNF","CCL2,IL2,IL1B,CXCL8,IL6,TNF",2.11e-10,6.43e-09,Yersinia infection
KEGG,hsa04630,6,158,9606,"IL2,IL4,IL5,IL9,IL13,IL6","IL2,IL4,IL5,IL9,IL13,IL6",8.6e-10,2.41e-08,JAK-STAT signaling pathway
KEGG,hsa05164,6,163,9606,"CCL2,IL1B,CXCL10,CXCL8,IL6,TNF","CCL2,IL1B,CXCL10,CXCL8,IL6,TNF",1.03e-09,2.66e-08,Influenza A
KEGG,hsa04640,5,90,9606,"IL4,IL5,IL1B,IL6,TNF","IL4,IL5,IL1B,IL6,TNF",4.52e-09,1.08e-07,Hematopoietic cell lineage
KEGG,hsa04620,5,100,9606,"IL1B,CXCL10,CXCL8,IL6,TNF","IL1B,CXCL10,CXCL8,IL6,TNF",7.5e-09,1.6e-07,Toll-like receptor signaling pathway
KEGG,hsa04659,5,99,9606,"TGFB1,IL2,IL4,IL1B,IL6","TGFB1,IL2,IL4,IL1B,IL6",7.15e-09,1.6e-07,Th17 cell differentiation
KEGG,hsa05146,5,101,9606,"TGFB1,IL1B,CXCL8,IL6,TNF","TGFB1,IL1B,CXCL8,IL6,TNF",7.87e-09,1.6e-07,Amoebiasis
KEGG,hsa05330,4,34,9606,"IL2,IL4,IL5,TNF","IL2,IL4,IL5,TNF",1.16e-08,2.16e-07,Allograft rejection
KEGG,hsa04668,5,111,9606,"CCL2,IL1B,CXCL10,IL6,TNF","CCL2,IL1B,CXCL10,IL6,TNF",1.24e-08,2.2e-07,TNF signaling pathway
KEGG,hsa05332,4,36,9606,"IL2,IL1B,IL6,TNF","IL2,IL1B,IL6,TNF",1.43e-08,2.41e-07,Graft-versus-host disease
KEGG,hsa05200,7,515,9606,"TGFB1,IL2,IL4,IL5,IL13,CXCL8,IL6","TGFB1,IL2,IL4,IL5,IL13,CXCL8,IL6",2.56e-08,4.1e-07,Pathways in cancer
KEGG,hsa04932,5,146,9606,"TGFB1,IL1B,CXCL8,IL6,TNF","TGFB1,IL1B,CXCL8,IL6,TNF",4.67e-08,7.14e-07,Non-alcoholic fatty liver disease
KEGG,hsa05134,4,55,9606,"IL1B,CXCL8,IL6,TNF","IL1B,CXCL8,IL6,TNF",7.08e-08,1.03e-06,Legionellosis
KEGG,hsa04621,5,173,9606,"CCL2,IL1B,CXCL8,IL6,TNF","CCL2,IL1B,CXCL8,IL6,TNF",1.06e-07,1.49e-06,NOD-like receptor signaling pathway
KEGG,hsa04664,4,65,9606,"IL4,IL5,IL13,TNF","IL4,IL5,IL13,TNF",1.34e-07,1.8e-06,Fc epsilon RI signaling pathway
KEGG,hsa05140,4,69,9606,"TGFB1,IL4,IL1B,TNF","TGFB1,IL4,IL1B,TNF",1.68e-07,2.18e-06,Leishmaniasis
KEGG,hsa05133,4,73,9606,"IL1B,CXCL8,IL6,TNF","IL1B,CXCL8,IL6,TNF",2.09e-07,2.6e-06,Pertussis
KEGG,hsa05163,5,217,9606,"CCL2,IL1B,CXCL8,IL6,TNF","CCL2,IL1B,CXCL8,IL6,TNF",3.19e-07,3.83e-06,Human cytomegalovirus infection
KEGG,hsa04658,4,85,9606,"IL2,IL4,IL5,IL13","IL2,IL4,IL5,IL13",3.75e-07,4.35e-06,Th1 and Th2 cell differentiation
KEGG,hsa04660,4,100,9606,"IL2,IL4,IL5,TNF","IL2,IL4,IL5,TNF",7.03e-07,7.87e-06,T cell receptor signaling pathway
KEGG,hsa04625,4,101,9606,"IL2,IL1B,IL6,TNF","IL2,IL1B,IL6,TNF",7.3e-07,7.91e-06,C-type lectin receptor signaling pathway
KEGG,hsa01523,3,31,9606,"IL1B,IL6,TNF","IL1B,IL6,TNF",1.68e-06,1.77e-05,Antifolate resistance
KEGG,hsa05143,3,36,9606,"IL1B,IL6,TNF","IL1B,IL6,TNF",2.57e-06,2.61e-05,African trypanosomiasis
KEGG,hsa04940,3,38,9606,"IL2,IL1B,TNF","IL2,IL1B,TNF",2.99e-06,2.96e-05,Type I diabetes mellitus
KEGG,hsa05161,4,158,9606,"TGFB1,CXCL8,IL6,TNF","TGFB1,CXCL8,IL6,TNF",4.13e-06,3.96e-05,Hepatitis B
KEGG,hsa05152,4,165,9606,"TGFB1,IL1B,IL6,TNF","TGFB1,IL1B,IL6,TNF",4.88e-06,4.55e-05,Tuberculosis
KEGG,hsa05320,3,48,9606,"IL2,IL4,IL5","IL2,IL4,IL5",5.82e-06,5.29e-05,Autoimmune thyroid disease
KEGG,hsa04062,4,186,9606,"CCL2,CCL11,CXCL10,CXCL8","CCL2,CCL11,CXCL10,CXCL8",7.76e-06,6.86e-05,Chemokine signaling pathway
KEGG,hsa05130,4,187,9606,"IL1B,CXCL8,IL6,TNF","IL1B,CXCL8,IL6,TNF",7.92e-06,6.86e-05,Pathogenic Escherichia coli infection
KEGG,hsa04623,3,62,9606,"IL1B,CXCL10,IL6","IL1B,CXCL10,IL6",1.21e-05,0.0001,Cytosolic DNA-sensing pathway
KEGG,hsa05132,4,209,9606,"IL1B,CXCL8,IL6,TNF","IL1B,CXCL8,IL6,TNF",1.22e-05,0.0001,Salmonella infection
KEGG,hsa05166,4,210,9606,"TGFB1,IL2,IL6,TNF","TGFB1,IL2,IL6,TNF",1.24e-05,0.0001,Human T-cell leukemia virus 1 infection
KEGG,hsa04622,3,69,9606,"CXCL10,CXCL8,TNF","CXCL10,CXCL8,TNF",1.65e-05,0.00013,RIG-I-like receptor signaling pathway
KEGG,hsa05410,3,88,9606,"TGFB1,IL6,TNF","TGFB1,IL6,TNF",3.34e-05,0.00025,Hypertrophic cardiomyopathy
KEGG,hsa04064,3,101,9606,"IL1B,CXCL8,TNF","IL1B,CXCL8,TNF",4.98e-05,0.00037,NF-kappa B signaling pathway
KEGG,hsa04380,3,120,9606,"TGFB1,IL1B,TNF","TGFB1,IL1B,TNF",8.21e-05,0.0006,Osteoclast differentiation
KEGG,hsa05418,3,129,9606,"CCL2,IL1B,TNF","CCL2,IL1B,TNF",0.0001,0.00072,Fluid shear stress and atherosclerosis
KEGG,hsa05162,3,137,9606,"IL2,IL1B,IL6","IL2,IL1B,IL6",0.00012,0.00084,Measles
KEGG,hsa04218,3,150,9606,"TGFB1,CXCL8,IL6","TGFB1,CXCL8,IL6",0.00016,0.0011,Cellular senescence
KEGG,hsa05168,4,478,9606,"CCL2,IL1B,IL6,TNF","CCL2,IL1B,IL6,TNF",0.00029,0.002,Herpes simplex virus 1 infection
KEGG,hsa05169,3,192,9606,"CXCL10,IL6,TNF","CXCL10,IL6,TNF",0.00032,0.0021,Epstein-Barr virus infection
KEGG,hsa05131,3,218,9606,"IL1B,CXCL8,TNF","IL1B,CXCL8,TNF",0.00046,0.003,Shigellosis
KEGG,hsa05020,3,263,9606,"IL1B,IL6,TNF","IL1B,IL6,TNF",0.00079,0.005,Prion disease
KEGG,hsa04010,3,286,9606,"TGFB1,IL1B,TNF","TGFB1,IL1B,TNF",0.001,0.0063,MAPK signaling pathway
KEGG,hsa04151,3,349,9606,"IL2,IL4,IL6","IL2,IL4,IL6",0.0018,0.0108,PI3K-Akt signaling pathway
KEGG,hsa05010,3,354,9606,"IL1B,IL6,TNF","IL1B,IL6,TNF",0.0018,0.0111,Alzheimer disease
KEGG,hsa04350,2,91,9606,"TGFB1,TNF","TGFB1,TNF",0.0019,0.0114,TGF-beta signaling pathway
KEGG,hsa05414,2,94,9606,"TGFB1,TNF","TGFB1,TNF",0.0021,0.0119,Dilated cardiomyopathy
KEGG,hsa05145,2,103,9606,"TGFB1,TNF","TGFB1,TNF",0.0025,0.014,Toxoplasmosis
KEGG,hsa04931,2,106,9606,"IL6,TNF","IL6,TNF",0.0026,0.0145,Insulin resistance
KEGG,hsa04068,2,126,9606,"TGFB1,IL6","TGFB1,IL6",0.0036,0.0199,FoxO signaling pathway
KEGG,hsa04217,2,147,9606,"IL1B,TNF","IL1B,TNF",0.0049,0.0264,Necroptosis
KEGG,hsa05160,2,157,9606,"CXCL10,TNF","CXCL10,TNF",0.0055,0.0294,Hepatitis C
KEGG,hsa05202,2,171,9606,"CXCL8,IL6","CXCL8,IL6",0.0065,0.0341,Transcriptional misregulation in cancer
KEGG,hsa05167,2,187,9606,"CXCL8,IL6","CXCL8,IL6",0.0077,0.0399,Kaposi sarcoma-associated herpesvirus infection
KEGG,hsa05205,2,194,9606,"TGFB1,TNF","TGFB1,TNF",0.0083,0.0421,Proteoglycans in cancer
SMART,SM00199,4,42,9606,"CCL2,CCL11,CXCL10,CXCL8","CCL2,CCL11,CXCL10,CXCL8",2.55e-08,2.1e-05,Intercrine alpha family (small cytokine C-X-C) (chemokine CXC).
SMART,SM00190,2,2,9606,"IL4,IL13","IL4,IL13",2.81e-06,0.0012,Interleukins 4 and 13
SMART,SM00125,2,10,9606,"IL1RN,IL1B","IL1RN,IL1B",3.08e-05,0.0084,Interleukin-1 homologues
InterPro,IPR009079,5,56,9606,"IL2,IL4,IL5,IL13,IL6","IL2,IL4,IL5,IL13,IL6",4.7e-10,3.38e-06,"Four-helical cytokine-like, core"
InterPro,IPR001811,4,44,9606,"CCL2,CCL11,CXCL10,CXCL8","CCL2,CCL11,CXCL10,CXCL8",3.04e-08,0.00011,Chemokine interleukin-8-like domain
InterPro,IPR036048,4,44,9606,"CCL2,CCL11,CXCL10,CXCL8","CCL2,CCL11,CXCL10,CXCL8",3.04e-08,0.00011,Chemokine interleukin-8-like superfamily
InterPro,IPR001325,2,2,9606,"IL4,IL13","IL4,IL13",2.81e-06,0.005,Interleukin-4/interleukin-13
InterPro,IPR018096,2,2,9606,"IL4,IL13","IL4,IL13",2.81e-06,0.005,"Interleukin-4/interleukin-13, conserved site"
InterPro,IPR020877,2,4,9606,"IL1RN,IL1B","IL1RN,IL1B",7.01e-06,0.0084,Interleukin-1 conserved site
InterPro,IPR000975,2,10,9606,"IL1RN,IL1B","IL1RN,IL1B",3.08e-05,0.0316,Interleukin-1 family
InterPro,IPR001089,2,13,9606,"CXCL10,CXCL8","CXCL10,CXCL8",4.89e-05,0.0439,CXC chemokine
InterPro,IPR018048,2,13,9606,"CXCL10,CXCL8","CXCL10,CXCL8",4.89e-05,0.0439,"CXC chemokine, conserved site"
InterPro,IPR033899,2,14,9606,"CXCL10,CXCL8","CXCL10,CXCL8",5.59e-05,0.0439,CXC Chemokine domain
PMID,PMID:31276515,14,31,9606,"TGFB1,CCL2,IL2,IL4,IL5,IL1RN,IL1B,IL9,CCL11,IL13,CXCL10,CXCL8,IL6,TNF","TGFB1,CCL2,IL2,IL4,IL5,IL1RN,IL1B,IL9,CCL11,IL13,CXCL10,CXCL8,IL6,TNF",1.09e-38,5.62e-32,"(2019) Clinical, microbiologic, and immunologic determinants of mortality in hospitalized patients with HIV-associated tuberculosis: A prospective cohort study."
PMID,PMID:29171655,14,34,9606,"TGFB1,CCL2,IL2,IL4,IL5,IL1RN,IL1B,IL9,CCL11,IL13,CXCL10,CXCL8,IL6,TNF","TGFB1,CCL2,IL2,IL4,IL5,IL1RN,IL1B,IL9,CCL11,IL13,CXCL10,CXCL8,IL6,TNF",3.16e-38,5.750000000000001e-32,(2018) Oral sampling methods are associated with differences in immune marker concentrations.
PMID,PMID:29977152,14,33,9606,"TGFB1,CCL2,IL2,IL4,IL5,IL1RN,IL1B,IL9,CCL11,IL13,CXCL10,CXCL8,IL6,TNF","TGFB1,CCL2,IL2,IL4,IL5,IL1RN,IL1B,IL9,CCL11,IL13,CXCL10,CXCL8,IL6,TNF",2.2399999999999998e-38,5.750000000000001e-32,(2018) Restoring Inflammatory Mediator Balance after Sofosbuvir-Induced Viral Clearance in Patients with Chronic Hepatitis C.
PMID,PMID:35683340,14,40,9606,"TGFB1,CCL2,IL2,IL4,IL5,IL1RN,IL1B,IL9,CCL11,IL13,CXCL10,CXCL8,IL6,TNF","TGFB1,CCL2,IL2,IL4,IL5,IL1RN,IL1B,IL9,CCL11,IL13,CXCL10,CXCL8,IL6,TNF",2.12e-37,2.73e-31,(2022) Cytokine Profiles as Potential Prognostic and Therapeutic Markers in SARS-CoV-2-Induced ARDS.
PMID,PMID:20195532,14,41,9606,"TGFB1,CCL2,IL2,IL4,IL5,IL1RN,IL1B,IL9,CCL11,IL13,CXCL10,CXCL8,IL6,TNF","TGFB1,CCL2,IL2,IL4,IL5,IL1RN,IL1B,IL9,CCL11,IL13,CXCL10,CXCL8,IL6,TNF",2.8500000000000003e-37,2.93e-31,(2010) Blockade of T cell contact-activation of human monocytes by high-density lipoproteins reveals a new pattern of cytokine and inflammatory genes.
PMID,PMID:32114335,13,19,9606,"TGFB1,CCL2,IL2,IL4,IL5,IL1B,IL9,CCL11,IL13,CXCL10,CXCL8,IL6,TNF","TGFB1,CCL2,IL2,IL4,IL5,IL1B,IL9,CCL11,IL13,CXCL10,CXCL8,IL6,TNF",4.470000000000001e-37,3.84e-31,(2020) Enhanced morphological transformation of human lung epithelial cells by continuous exposure to cellulose nanocrystals.
PMID,PMID:34914797,14,45,9606,"TGFB1,CCL2,IL2,IL4,IL5,IL1RN,IL1B,IL9,CCL11,IL13,CXCL10,CXCL8,IL6,TNF","TGFB1,CCL2,IL2,IL4,IL5,IL1RN,IL1B,IL9,CCL11,IL13,CXCL10,CXCL8,IL6,TNF",8.7e-37,6.3999999999999995e-31,(2021) Association between aqueous humor cytokines and postoperative corneal endothelial cell loss after Descemet stripping automated endothelial keratoplasty.
PMID,PMID:31928443,14,45,9606,"TGFB1,CCL2,IL2,IL4,IL5,IL1RN,IL1B,IL9,CCL11,IL13,CXCL10,CXCL8,IL6,TNF","TGFB1,CCL2,IL2,IL4,IL5,IL1RN,IL1B,IL9,CCL11,IL13,CXCL10,CXCL8,IL6,TNF",8.7e-37,6.3999999999999995e-31,(2020) Cytokine and Chemokine Concentration in the Tear of Patients with Age-Related Cataract.
PMID,PMID:37646026,14,49,9606,"TGFB1,CCL2,IL2,IL4,IL5,IL1RN,IL1B,IL9,CCL11,IL13,CXCL10,CXCL8,IL6,TNF","TGFB1,CCL2,IL2,IL4,IL5,IL1RN,IL1B,IL9,CCL11,IL13,CXCL10,CXCL8,IL6,TNF",2.4500000000000002e-36,1.4000000000000001e-30,(2023) Host immunity and HBV S gene mutation in HBsAg-negative HBV-infected patients.
PMID,PMID:30858959,13,23,9606,"TGFB1,CCL2,IL2,IL4,IL5,IL1B,IL9,CCL11,IL13,CXCL10,CXCL8,IL6,TNF","TGFB1,CCL2,IL2,IL4,IL5,IL1B,IL9,CCL11,IL13,CXCL10,CXCL8,IL6,TNF",2.98e-36,1.53e-30,(2019) Cord Blood Platelet Lysate: In Vitro Evaluation to Support the Use in Regenerative Medicine.
PMID,PMID:27578545,14,50,9606,"TGFB1,CCL2,IL2,IL4,IL5,IL1RN,IL1B,IL9,CCL11,IL13,CXCL10,CXCL8,IL6,TNF","TGFB1,CCL2,IL2,IL4,IL5,IL1RN,IL1B,IL9,CCL11,IL13,CXCL10,CXCL8,IL6,TNF",3.13e-36,1.53e-30,(2016) Characterization of Inflammatory Response in Acute-on-Chronic Liver Failure and Relationship with Prognosis.
PMID,PMID:33247906,14,51,9606,"TGFB1,CCL2,IL2,IL4,IL5,IL1RN,IL1B,IL9,CCL11,IL13,CXCL10,CXCL8,IL6,TNF","TGFB1,CCL2,IL2,IL4,IL5,IL1RN,IL1B,IL9,CCL11,IL13,CXCL10,CXCL8,IL6,TNF",3.99e-36,1.71e-30,(2021) Description of the Follicular Fluid Cytokine and Hormone Profiles in Human Physiological Natural Cycles.
PMID,PMID:33777861,13,24,9606,"CCL2,IL2,IL4,IL5,IL1RN,IL1B,IL9,CCL11,IL13,CXCL10,CXCL8,IL6,TNF","CCL2,IL2,IL4,IL5,IL1RN,IL1B,IL9,CCL11,IL13,CXCL10,CXCL8,IL6,TNF",4.59e-36,1.82e-30,(2021) Cord Blood Cytokine Levels Correlate With Types of Placental Pathology in Extremely Preterm Infants.
PMID,PMID:30055898,13,24,9606,"CCL2,IL2,IL4,IL5,IL1RN,IL1B,IL9,CCL11,IL13,CXCL10,CXCL8,IL6,TNF","CCL2,IL2,IL4,IL5,IL1RN,IL1B,IL9,CCL11,IL13,CXCL10,CXCL8,IL6,TNF",4.59e-36,1.82e-30,"(2019) Interleukin-5, interleukin-6, interferon induced protein-10, procalcitonin and C-reactive protein among mechanically ventilated severe community-acquired viral and bacterial pneumonia patients."
PMID,PMID:31420628,13,24,9606,"CCL2,IL2,IL4,IL5,IL1RN,IL1B,IL9,CCL11,IL13,CXCL10,CXCL8,IL6,TNF","CCL2,IL2,IL4,IL5,IL1RN,IL1B,IL9,CCL11,IL13,CXCL10,CXCL8,IL6,TNF",4.59e-36,1.82e-30,(2019) [Altered serum cytokine expression profile in systemic sclerosis and its regulatory mechanisms].
PMID,PMID:29916282,13,24,9606,"CCL2,IL2,IL4,IL5,IL1RN,IL1B,IL9,CCL11,IL13,CXCL10,CXCL8,IL6,TNF","CCL2,IL2,IL4,IL5,IL1RN,IL1B,IL9,CCL11,IL13,CXCL10,CXCL8,IL6,TNF",4.59e-36,1.82e-30,(2018) Salivary cytokine panel indicative of non-small cell lung cancer.
PMID,PMID:25553289,13,25,9606,"CCL2,IL2,IL4,IL5,IL1RN,IL1B,IL9,CCL11,IL13,CXCL10,CXCL8,IL6,TNF","CCL2,IL2,IL4,IL5,IL1RN,IL1B,IL9,CCL11,IL13,CXCL10,CXCL8,IL6,TNF",6.970000000000001e-36,2.1099999999999998e-30,(2015) Inflammatory cytokines and their prognostic ability in cases of major burn injury.
PMID,PMID:35401549,13,26,9606,"CCL2,IL2,IL4,IL5,IL1RN,IL1B,IL9,CCL11,IL13,CXCL10,CXCL8,IL6,TNF","CCL2,IL2,IL4,IL5,IL1RN,IL1B,IL9,CCL11,IL13,CXCL10,CXCL8,IL6,TNF",1.05e-35,2.99e-30,(2022) Improving Assignments for Therapeutic and Prophylactic Treatment Within TB Households. A Potential for Immuno-Diagnosis?
PMID,PMID:22015106,13,26,9606,"CCL2,IL2,IL4,IL5,IL1RN,IL1B,IL9,CCL11,IL13,CXCL10,CXCL8,IL6,TNF","CCL2,IL2,IL4,IL5,IL1RN,IL1B,IL9,CCL11,IL13,CXCL10,CXCL8,IL6,TNF",1.05e-35,2.99e-30,(2011) Differences in the concentration and correlation of cervical immune markers among HPV positive and negative perimenopausal women.
PMID,PMID:38229692,13,27,9606,"TGFB1,CCL2,IL2,IL4,IL5,IL1B,IL9,CCL11,IL13,CXCL10,CXCL8,IL6,TNF","TGFB1,CCL2,IL2,IL4,IL5,IL1B,IL9,CCL11,IL13,CXCL10,CXCL8,IL6,TNF",1.55e-35,3.99e-30,(2024) Changes in Cytokine Levels in Patients with Severe Fever with Thrombocytopenia Syndrome Virus.
PMID,PMID:35907365,13,27,9606,"CCL2,IL2,IL4,IL5,IL1RN,IL1B,IL9,CCL11,IL13,CXCL10,CXCL8,IL6,TNF","CCL2,IL2,IL4,IL5,IL1RN,IL1B,IL9,CCL11,IL13,CXCL10,CXCL8,IL6,TNF",1.55e-35,3.99e-30,(2022) Acute kidney injury associated to COVID-19 leads to a strong unbalance of circulant immune mediators.
PMID,PMID:34127731,14,57,9606,"TGFB1,CCL2,IL2,IL4,IL5,IL1RN,IL1B,IL9,CCL11,IL13,CXCL10,CXCL8,IL6,TNF","TGFB1,CCL2,IL2,IL4,IL5,IL1RN,IL1B,IL9,CCL11,IL13,CXCL10,CXCL8,IL6,TNF",1.58e-35,3.99e-30,(2021) Immune modulation via adipose derived Mesenchymal Stem cells is driven by donor sex in vitro.
PMID,PMID:38248685,13,28,9606,"TGFB1,CCL2,IL2,IL4,IL5,IL1B,IL9,CCL11,IL13,CXCL10,CXCL8,IL6,TNF","TGFB1,CCL2,IL2,IL4,IL5,IL1B,IL9,CCL11,IL13,CXCL10,CXCL8,IL6,TNF",2.27e-35,5.0699999999999996e-30,(2024) The Association of Nanostructured Carbonated Hydroxyapatite with Denatured Albumin and Platelet-Rich Fibrin: Impacts on Growth Factors Release and Osteoblast Behavior.
PMID,PMID:37063904,13,28,9606,"CCL2,IL2,IL4,IL5,IL1RN,IL1B,IL9,CCL11,IL13,CXCL10,CXCL8,IL6,TNF","CCL2,IL2,IL4,IL5,IL1RN,IL1B,IL9,CCL11,IL13,CXCL10,CXCL8,IL6,TNF",2.27e-35,5.0699999999999996e-30,(2023) Thromboinflammatory response is increased in pancreas transplant alone versus simultaneous pancreas-kidney transplantation and early pancreas graft thrombosis is associated with complement activation.
PMID,PMID:31657126,13,28,9606,"CCL2,IL2,IL4,IL5,IL1RN,IL1B,IL9,CCL11,IL13,CXCL10,CXCL8,IL6,TNF","CCL2,IL2,IL4,IL5,IL1RN,IL1B,IL9,CCL11,IL13,CXCL10,CXCL8,IL6,TNF",2.27e-35,5.0699999999999996e-30,(2019) Intrathecal cytokine profile in neuropathy with anti-neurofascin 155 antibody.
PMID,PMID:24265721,13,28,9606,"CCL2,IL2,IL4,IL5,IL1RN,IL1B,IL9,CCL11,IL13,CXCL10,CXCL8,IL6,TNF","CCL2,IL2,IL4,IL5,IL1RN,IL1B,IL9,CCL11,IL13,CXCL10,CXCL8,IL6,TNF",2.27e-35,5.0699999999999996e-30,(2013) In vivo evaluation of safety and toxicity of a Lactobacillus jensenii producing modified cyanovirin-N in a rhesus macaque vaginal challenge model.
PMID,PMID:22355254,13,28,9606,"CCL2,IL2,IL4,IL5,IL1RN,IL1B,IL9,CCL11,IL13,CXCL10,CXCL8,IL6,TNF","CCL2,IL2,IL4,IL5,IL1RN,IL1B,IL9,CCL11,IL13,CXCL10,CXCL8,IL6,TNF",2.27e-35,5.0699999999999996e-30,(2012) Expression profile of inflammatory cytokines in aqueous from glaucomatous eyes.
PMID,PMID:37964190,13,29,9606,"CCL2,IL2,IL4,IL5,IL1RN,IL1B,IL9,CCL11,IL13,CXCL10,CXCL8,IL6,TNF","CCL2,IL2,IL4,IL5,IL1RN,IL1B,IL9,CCL11,IL13,CXCL10,CXCL8,IL6,TNF",3.2900000000000003e-35,6.0399999999999995e-30,(2023) Study of aqueous humour inflammatory mediators levels in a cohort of Egyptian patients with diabetic macular oedema.
PMID,PMID:32711253,13,29,9606,"TGFB1,CCL2,IL2,IL4,IL5,IL1B,IL9,CCL11,IL13,CXCL10,CXCL8,IL6,TNF","TGFB1,CCL2,IL2,IL4,IL5,IL1B,IL9,CCL11,IL13,CXCL10,CXCL8,IL6,TNF",3.2900000000000003e-35,6.0399999999999995e-30,(2020) A three-marker protein biosignature distinguishes tuberculosis from other respiratory diseases in Gambian children.
PMID,PMID:33537029,13,29,9606,"TGFB1,CCL2,IL2,IL4,IL5,IL1B,IL9,CCL11,IL13,CXCL10,CXCL8,IL6,TNF","TGFB1,CCL2,IL2,IL4,IL5,IL1B,IL9,CCL11,IL13,CXCL10,CXCL8,IL6,TNF",3.2900000000000003e-35,6.0399999999999995e-30,"(2020) Computational Derivation of Core, Dynamic Human Blunt Trauma Inflammatory Endotypes."
PMID,PMID:37591633,13,30,9606,"CCL2,IL2,IL4,IL5,IL1RN,IL1B,IL9,CCL11,IL13,CXCL10,CXCL8,IL6,TNF","CCL2,IL2,IL4,IL5,IL1RN,IL1B,IL9,CCL11,IL13,CXCL10,CXCL8,IL6,TNF",4.71e-35,7.81e-30,(2023) Cytokine pattern in patients with ST-elevation myocardial infarction treated with the interleukin-6 receptor antagonist tocilizumab.
PMID,PMID:28855908,13,30,9606,"TGFB1,CCL2,IL2,IL4,IL5,IL1B,IL9,CCL11,IL13,CXCL10,CXCL8,IL6,TNF","TGFB1,CCL2,IL2,IL4,IL5,IL1B,IL9,CCL11,IL13,CXCL10,CXCL8,IL6,TNF",4.71e-35,7.81e-30,(2017) Cytokine and Chemokines Alterations in the Endemic Form of Pemphigus Foliaceus (Fogo Selvagem).
PMID,PMID:24495510,13,30,9606,"CCL2,IL2,IL4,IL5,IL1RN,IL1B,IL9,CCL11,IL13,CXCL10,CXCL8,IL6,TNF","CCL2,IL2,IL4,IL5,IL1RN,IL1B,IL9,CCL11,IL13,CXCL10,CXCL8,IL6,TNF",4.71e-35,7.81e-30,(2014) Survivin but not Fms-like tyrosine kinase 3 ligand is up-regulated before the onset of rheumatoid arthritis: a pilot study.
PMID,PMID:33995342,14,63,9606,"TGFB1,CCL2,IL2,IL4,IL5,IL1RN,IL1B,IL9,CCL11,IL13,CXCL10,CXCL8,IL6,TNF","TGFB1,CCL2,IL2,IL4,IL5,IL1RN,IL1B,IL9,CCL11,IL13,CXCL10,CXCL8,IL6,TNF",5.5e-35,8.32e-30,(2021) Clinical and Immunological Factors That Distinguish COVID-19 From Pandemic Influenza A(H1N1).
PMID,PMID:37375354,13,31,9606,"CCL2,IL2,IL4,IL5,IL1RN,IL1B,IL9,CCL11,IL13,CXCL10,CXCL8,IL6,TNF","CCL2,IL2,IL4,IL5,IL1RN,IL1B,IL9,CCL11,IL13,CXCL10,CXCL8,IL6,TNF",6.68e-35,9.82e-30,(2023) Differential Activities of the Botanical Extract PBI-05204 and Oleandrin on Innate Immune Functions under Viral Challenge Versus Inflammatory Culture Conditions.
PMID,PMID:37525880,13,31,9606,"TGFB1,CCL2,IL2,IL4,IL5,IL1B,IL9,CCL11,IL13,CXCL10,CXCL8,IL6,TNF","TGFB1,CCL2,IL2,IL4,IL5,IL1B,IL9,CCL11,IL13,CXCL10,CXCL8,IL6,TNF",6.68e-35,9.82e-30,(2023) Dynamic Changes of Cytokine Profiles and Their Correlation With Tumor Recurrence Following Thermal Ablation in Hepatocellular Carcinoma.
PMID,PMID:24759737,13,31,9606,"TGFB1,CCL2,IL2,IL4,IL5,IL1B,IL9,CCL11,IL13,CXCL10,CXCL8,IL6,TNF","TGFB1,CCL2,IL2,IL4,IL5,IL1B,IL9,CCL11,IL13,CXCL10,CXCL8,IL6,TNF",6.68e-35,9.82e-30,(2014) Dysregulation in microRNA expression is associated with alterations in immune functions in combat veterans with post-traumatic stress disorder.
PMID,PMID:37637062,13,32,9606,"TGFB1,CCL2,IL2,IL4,IL5,IL1B,IL9,CCL11,IL13,CXCL10,CXCL8,IL6,TNF","TGFB1,CCL2,IL2,IL4,IL5,IL1B,IL9,CCL11,IL13,CXCL10,CXCL8,IL6,TNF",9.4e-35,1.27e-29,(2023) Immune microenvironment profiling of normal appearing colorectal mucosa biopsied over repeat patient visits reproducibly separates lynch syndrome patients based on their history of colon cancer.
PMID,PMID:35969076,13,32,9606,"TGFB1,CCL2,IL2,IL4,IL5,IL1RN,IL1B,CCL11,IL13,CXCL10,CXCL8,IL6,TNF","TGFB1,CCL2,IL2,IL4,IL5,IL1RN,IL1B,CCL11,IL13,CXCL10,CXCL8,IL6,TNF",9.4e-35,1.27e-29,(2022) Dynamics of Mycobacterium tuberculosis-Specific and Nonspecific Immune Responses in Women with Tuberculosis Infection during Pregnancy.
PMID,PMID:34987499,13,32,9606,"TGFB1,CCL2,IL2,IL4,IL5,IL1B,IL9,CCL11,IL13,CXCL10,CXCL8,IL6,TNF","TGFB1,CCL2,IL2,IL4,IL5,IL1B,IL9,CCL11,IL13,CXCL10,CXCL8,IL6,TNF",9.4e-35,1.27e-29,(2021) Lasting Immunological Imprint of Primary Epstein-Barr Virus Infection With Associations to Chronic Low-Grade Inflammation and Fatigue.
PMID,PMID:28123295,13,32,9606,"TGFB1,CCL2,IL2,IL4,IL5,IL1B,IL9,CCL11,IL13,CXCL10,CXCL8,IL6,TNF","TGFB1,CCL2,IL2,IL4,IL5,IL1B,IL9,CCL11,IL13,CXCL10,CXCL8,IL6,TNF",9.4e-35,1.27e-29,(2017) Platelet-functionalized three-dimensional poly-epsilon-caprolactone fibrous scaffold prepared using centrifugal spinning for delivery of growth factors.
PMID,PMID:28321152,13,32,9606,"TGFB1,CCL2,IL2,IL4,IL5,IL1B,IL9,CCL11,IL13,CXCL10,CXCL8,IL6,TNF","TGFB1,CCL2,IL2,IL4,IL5,IL1B,IL9,CCL11,IL13,CXCL10,CXCL8,IL6,TNF",9.4e-35,1.27e-29,(2017) Th1Th17-Related Cytokines and Chemokines and Their Implications in the Pathogenesis of Pemphigus Vulgaris.
PMID,PMID:35721500,13,33,9606,"TGFB1,CCL2,IL2,IL4,IL5,IL1B,IL9,CCL11,IL13,CXCL10,CXCL8,IL6,TNF","TGFB1,CCL2,IL2,IL4,IL5,IL1B,IL9,CCL11,IL13,CXCL10,CXCL8,IL6,TNF",1.31e-34,1.57e-29,(2022) Epicardial Adipose Tissue-Derived IL-1beta Triggers Postoperative Atrial Fibrillation.
PMID,PMID:36059463,13,33,9606,"TGFB1,CCL2,IL2,IL4,IL5,IL1B,IL9,CCL11,IL13,CXCL10,CXCL8,IL6,TNF","TGFB1,CCL2,IL2,IL4,IL5,IL1B,IL9,CCL11,IL13,CXCL10,CXCL8,IL6,TNF",1.31e-34,1.57e-29,(2022) Immunological signature of patients with thymic epithelial tumors and Good syndrome.
PMID,PMID:36091007,13,33,9606,"TGFB1,CCL2,IL2,IL4,IL5,IL1B,IL9,CCL11,IL13,CXCL10,CXCL8,IL6,TNF","TGFB1,CCL2,IL2,IL4,IL5,IL1B,IL9,CCL11,IL13,CXCL10,CXCL8,IL6,TNF",1.31e-34,1.57e-29,(2022) Distinct plasma chemokines and cytokines signatures in Leishmania guyanensis-infected patients with cutaneous leishmaniasis.
PMID,PMID:34140764,13,33,9606,"CCL2,IL2,IL4,IL5,IL1RN,IL1B,IL9,CCL11,IL13,CXCL10,CXCL8,IL6,TNF","CCL2,IL2,IL4,IL5,IL1RN,IL1B,IL9,CCL11,IL13,CXCL10,CXCL8,IL6,TNF",1.31e-34,1.57e-29,(2021) Cytokine and Chemokine Profile Changes in Patients with Neovascular Age-Related Macular Degeneration After Intravitreal Ranibizumab Injection for Choroidal Neovascularization.
PMID,PMID:31778959,13,33,9606,"CCL2,IL2,IL4,IL5,IL1RN,IL1B,IL9,CCL11,IL13,CXCL10,CXCL8,IL6,TNF","CCL2,IL2,IL4,IL5,IL1RN,IL1B,IL9,CCL11,IL13,CXCL10,CXCL8,IL6,TNF",1.31e-34,1.57e-29,(2020) Pro-inflammatory cytokines associate with NETosis during sickle cell vaso-occlusive crises.
PMID,PMID:30791501,13,33,9606,"TGFB1,CCL2,IL2,IL4,IL5,IL1B,IL9,CCL11,IL13,CXCL10,CXCL8,IL6,TNF","TGFB1,CCL2,IL2,IL4,IL5,IL1B,IL9,CCL11,IL13,CXCL10,CXCL8,IL6,TNF",1.31e-34,1.57e-29,(2019) Wound Healing Fluid Reflects the Inflammatory Nature and Aggressiveness of Breast Tumors.
PMID,PMID:24647150,13,34,9606,"TGFB1,CCL2,IL2,IL4,IL5,IL1B,IL9,CCL11,IL13,CXCL10,CXCL8,IL6,TNF","TGFB1,CCL2,IL2,IL4,IL5,IL1B,IL9,CCL11,IL13,CXCL10,CXCL8,IL6,TNF",1.8099999999999998e-34,1.9e-29,"(2014) Increased levels of eotaxin and MCP-1 in juvenile dermatomyositis median 16.8 years after disease onset; associations with disease activity, duration and organ damage."
PMID,PMID:36259217,13,35,9606,"TGFB1,CCL2,IL2,IL4,IL5,IL1B,IL9,CCL11,IL13,CXCL10,CXCL8,IL6,TNF","TGFB1,CCL2,IL2,IL4,IL5,IL1B,IL9,CCL11,IL13,CXCL10,CXCL8,IL6,TNF",2.48e-34,2.55e-29,(2022) Hypophosphatemia Due to Increased Effector Cell Metabolic Activity Is Associated with Neurotoxicity Symptoms in CD19-Targeted CAR T-cell Therapy.
PMID,PMID:34402750,13,35,9606,"CCL2,IL2,IL4,IL5,IL1RN,IL1B,IL9,CCL11,IL13,CXCL10,CXCL8,IL6,TNF","CCL2,IL2,IL4,IL5,IL1RN,IL1B,IL9,CCL11,IL13,CXCL10,CXCL8,IL6,TNF",2.48e-34,2.55e-29,(2021) High estradiol and low testosterone levels are associated with critical illness in male but not in female COVID-19 patients: a retrospective cohort study.
PMID,PMID:31331109,13,35,9606,"TGFB1,CCL2,IL2,IL4,IL5,IL1RN,IL1B,IL9,IL13,CXCL10,CXCL8,IL6,TNF","TGFB1,CCL2,IL2,IL4,IL5,IL1RN,IL1B,IL9,IL13,CXCL10,CXCL8,IL6,TNF",2.48e-34,2.55e-29,(2019) Upregulation of IL-1 Receptor Antagonist in a Mouse Model of Migraine.
PMID,PMID:29317732,13,35,9606,"TGFB1,CCL2,IL2,IL4,IL5,IL1B,IL9,CCL11,IL13,CXCL10,CXCL8,IL6,TNF","TGFB1,CCL2,IL2,IL4,IL5,IL1B,IL9,CCL11,IL13,CXCL10,CXCL8,IL6,TNF",2.48e-34,2.55e-29,(2018) The Regulation of Seventeen Inflammatory Mediators are Associated with Patient Outcomes in Severe Fever with Thrombocytopenia Syndrome.
PMID,PMID:30518941,13,35,9606,"TGFB1,CCL2,IL2,IL4,IL5,IL1B,IL9,CCL11,IL13,CXCL10,CXCL8,IL6,TNF","TGFB1,CCL2,IL2,IL4,IL5,IL1B,IL9,CCL11,IL13,CXCL10,CXCL8,IL6,TNF",2.48e-34,2.55e-29,(2018) High Abundance of genus Prevotella in the gut of perinatally HIV-infected children is associated with IP-10 levels despite therapy.
PMID,PMID:36716305,13,36,9606,"TGFB1,CCL2,IL2,IL4,IL5,IL1B,IL9,CCL11,IL13,CXCL10,CXCL8,IL6,TNF","TGFB1,CCL2,IL2,IL4,IL5,IL1B,IL9,CCL11,IL13,CXCL10,CXCL8,IL6,TNF",3.38e-34,3.16e-29,(2023) Distinct cytokine profiles in malaria coinfections: A systematic review.
PMID,PMID:32092116,13,36,9606,"CCL2,IL2,IL4,IL5,IL1RN,IL1B,IL9,CCL11,IL13,CXCL10,CXCL8,IL6,TNF","CCL2,IL2,IL4,IL5,IL1RN,IL1B,IL9,CCL11,IL13,CXCL10,CXCL8,IL6,TNF",3.38e-34,3.16e-29,"(2020) Virus-associated anterior uveitis and secondary glaucoma: Diagnostics, clinical characteristics, and surgical options."
PMID,PMID:29739341,13,36,9606,"TGFB1,CCL2,IL2,IL4,IL5,IL1B,IL9,CCL11,IL13,CXCL10,CXCL8,IL6,TNF","TGFB1,CCL2,IL2,IL4,IL5,IL1B,IL9,CCL11,IL13,CXCL10,CXCL8,IL6,TNF",3.38e-34,3.16e-29,(2018) HBV and HIV viral load but not microbial translocation or immune activation are associated with liver fibrosis among patients in South Africa.
PMID,PMID:30296277,13,36,9606,"CCL2,IL2,IL4,IL5,IL1RN,IL1B,IL9,CCL11,IL13,CXCL10,CXCL8,IL6,TNF","CCL2,IL2,IL4,IL5,IL1RN,IL1B,IL9,CCL11,IL13,CXCL10,CXCL8,IL6,TNF",3.38e-34,3.16e-29,(2018) Elevated cytokine levels in vitreous as biomarkers of disease severity in infectious endophthalmitis.
PMID,PMID:28700730,13,36,9606,"TGFB1,CCL2,IL2,IL4,IL5,IL1B,IL9,CCL11,IL13,CXCL10,CXCL8,IL6,TNF","TGFB1,CCL2,IL2,IL4,IL5,IL1B,IL9,CCL11,IL13,CXCL10,CXCL8,IL6,TNF",3.38e-34,3.16e-29,(2017) Pediatric autoimmune hepatitis shows a disproportionate decline of regulatory T cells in the liver and of IL-2 in the blood of patients undergoing therapy.
PMID,PMID:27043532,13,36,9606,"CCL2,IL2,IL4,IL5,IL1RN,IL1B,IL9,CCL11,IL13,CXCL10,CXCL8,IL6,TNF","CCL2,IL2,IL4,IL5,IL1RN,IL1B,IL9,CCL11,IL13,CXCL10,CXCL8,IL6,TNF",3.38e-34,3.16e-29,(2016) Multiplex Immunoassay of Plasma Cytokine Levels in Men with Alcoholism and the Relationship to Psychiatric Assessments.
PMID,PMID:26512687,13,36,9606,"TGFB1,CCL2,IL2,IL4,IL5,IL1B,IL9,CCL11,IL13,CXCL10,CXCL8,IL6,TNF","TGFB1,CCL2,IL2,IL4,IL5,IL1B,IL9,CCL11,IL13,CXCL10,CXCL8,IL6,TNF",3.38e-34,3.16e-29,(2015) The Role of Cytokines and Chemokines in Filovirus Infection.
PMID,PMID:38140264,14,74,9606,"TGFB1,CCL2,IL2,IL4,IL5,IL1RN,IL1B,IL9,CCL11,IL13,CXCL10,CXCL8,IL6,TNF","TGFB1,CCL2,IL2,IL4,IL5,IL1RN,IL1B,IL9,CCL11,IL13,CXCL10,CXCL8,IL6,TNF",4.21e-34,3.49e-29,(2023) Toll-like Receptor 2 Mediated Immune Regulation in Simian Immunodeficiency Virus-Infected Rhesus Macaques.
PMID,PMID:37047772,13,37,9606,"TGFB1,CCL2,IL2,IL4,IL5,IL1B,IL9,CCL11,IL13,CXCL10,CXCL8,IL6,TNF","TGFB1,CCL2,IL2,IL4,IL5,IL1B,IL9,CCL11,IL13,CXCL10,CXCL8,IL6,TNF",4.57e-34,3.73e-29,(2023) Inflammatory Biomarkers in the Diagnosis and Prognosis of Rheumatoid Arthritis-Associated Interstitial Lung Disease.
PMID,PMID:33790901,13,37,9606,"CCL2,IL2,IL4,IL5,IL1RN,IL1B,IL9,CCL11,IL13,CXCL10,CXCL8,IL6,TNF","CCL2,IL2,IL4,IL5,IL1RN,IL1B,IL9,CCL11,IL13,CXCL10,CXCL8,IL6,TNF",4.57e-34,3.73e-29,(2021) Association of a Network of Immunologic Response and Clinical Features With the Functional Recovery From Crotalinae Snakebite Envenoming.
PMID,PMID:34088273,13,37,9606,"CCL2,IL2,IL4,IL5,IL1RN,IL1B,IL9,CCL11,IL13,CXCL10,CXCL8,IL6,TNF","CCL2,IL2,IL4,IL5,IL1RN,IL1B,IL9,CCL11,IL13,CXCL10,CXCL8,IL6,TNF",4.57e-34,3.73e-29,"(2021) Cytokine and interleukin profile in patients with headache and COVID-19: A pilot, CASE-control, study on 104 patients."
PMID,PMID:33319833,13,37,9606,"TGFB1,CCL2,IL2,IL4,IL5,IL1RN,IL1B,IL9,CCL11,IL13,CXCL10,CXCL8,IL6","TGFB1,CCL2,IL2,IL4,IL5,IL1RN,IL1B,IL9,CCL11,IL13,CXCL10,CXCL8,IL6",4.57e-34,3.73e-29,(2020) Distinct systemic cytokine networks in symptomatic and asymptomatic carotid stenosis.
PMID,PMID:29944680,13,37,9606,"CCL2,IL2,IL4,IL5,IL1RN,IL1B,IL9,CCL11,IL13,CXCL10,CXCL8,IL6,TNF","CCL2,IL2,IL4,IL5,IL1RN,IL1B,IL9,CCL11,IL13,CXCL10,CXCL8,IL6,TNF",4.57e-34,3.73e-29,(2018) Different composition of intraocular immune mediators in Posner-Schlossman-Syndrome and Fuchs Uveitis.
PMID,PMID:29214007,13,37,9606,"TGFB1,CCL2,IL2,IL4,IL5,IL1B,IL9,CCL11,IL13,CXCL10,CXCL8,IL6,TNF","TGFB1,CCL2,IL2,IL4,IL5,IL1B,IL9,CCL11,IL13,CXCL10,CXCL8,IL6,TNF",4.57e-34,3.73e-29,(2017) Cytokine levels and associations with symptom severity in male and female children with autism spectrum disorder.
PMID,PMID:35163131,14,76,9606,"TGFB1,CCL2,IL2,IL4,IL5,IL1RN,IL1B,IL9,CCL11,IL13,CXCL10,CXCL8,IL6,TNF","TGFB1,CCL2,IL2,IL4,IL5,IL1RN,IL1B,IL9,CCL11,IL13,CXCL10,CXCL8,IL6,TNF",5.92e-34,4.41e-29,(2022) Clinical Implication of Phosphodiesterase-4-Inhibition.
PMID,PMID:37049575,13,38,9606,"TGFB1,CCL2,IL2,IL4,IL5,IL1B,IL9,CCL11,IL13,CXCL10,CXCL8,IL6,TNF","TGFB1,CCL2,IL2,IL4,IL5,IL1B,IL9,CCL11,IL13,CXCL10,CXCL8,IL6,TNF",6.13e-34,4.5e-29,(2023) Comparison of 30 Cytokines in Human Breast Milk between 1989 and 2013 in Japan.
PMID,PMID:37386045,13,38,9606,"TGFB1,CCL2,IL2,IL4,IL5,IL1B,IL9,CCL11,IL13,CXCL10,CXCL8,IL6,TNF","TGFB1,CCL2,IL2,IL4,IL5,IL1B,IL9,CCL11,IL13,CXCL10,CXCL8,IL6,TNF",6.13e-34,4.5e-29,(2023) Time-dependent cytokines changes in ultra-rush wasp venom immunotherapy.
PMID,PMID:33430059,13,38,9606,"TGFB1,CCL2,IL2,IL4,IL5,IL1B,IL9,CCL11,IL13,CXCL10,CXCL8,IL6,TNF","TGFB1,CCL2,IL2,IL4,IL5,IL1B,IL9,CCL11,IL13,CXCL10,CXCL8,IL6,TNF",6.13e-34,4.5e-29,(2021) Pregnant Women Infected with Zika Virus Show Higher Viral Load and Immunoregulatory Cytokines Profile with CXCL10 Increase.
PMID,PMID:32264832,13,38,9606,"TGFB1,CCL2,IL2,IL4,IL5,IL1B,IL9,CCL11,IL13,CXCL10,CXCL8,IL6,TNF","TGFB1,CCL2,IL2,IL4,IL5,IL1B,IL9,CCL11,IL13,CXCL10,CXCL8,IL6,TNF",6.13e-34,4.5e-29,(2020) Cytokine response in human leptospirosis with different clinical outcomes: a systematic review.
PMID,PMID:29554616,13,38,9606,"TGFB1,CCL2,IL2,IL4,IL5,IL1B,IL9,CCL11,IL13,CXCL10,CXCL8,IL6,TNF","TGFB1,CCL2,IL2,IL4,IL5,IL1B,IL9,CCL11,IL13,CXCL10,CXCL8,IL6,TNF",6.13e-34,4.5e-29,(2018) Inflammatory markers as predictors of depression and anxiety in adolescents: Statistical model building with component-wise gradient boosting.
PMID,PMID:24244449,13,38,9606,"CCL2,IL2,IL4,IL5,IL1RN,IL1B,IL9,CCL11,IL13,CXCL10,CXCL8,IL6,TNF","CCL2,IL2,IL4,IL5,IL1RN,IL1B,IL9,CCL11,IL13,CXCL10,CXCL8,IL6,TNF",6.13e-34,4.5e-29,(2013) Cytokines and signaling molecules predict clinical outcomes in sepsis.
PMID,PMID:21881123,13,38,9606,"CCL2,IL2,IL4,IL5,IL1RN,IL1B,IL9,CCL11,IL13,CXCL10,CXCL8,IL6,TNF","CCL2,IL2,IL4,IL5,IL1RN,IL1B,IL9,CCL11,IL13,CXCL10,CXCL8,IL6,TNF",6.13e-34,4.5e-29,(2011) BCG vaccination induces different cytokine profiles following infant BCG vaccination in the UK and Malawi.
PMID,PMID:35707712,13,39,9606,"TGFB1,CCL2,IL2,IL4,IL5,IL1B,IL9,CCL11,IL13,CXCL10,CXCL8,IL6,TNF","TGFB1,CCL2,IL2,IL4,IL5,IL1B,IL9,CCL11,IL13,CXCL10,CXCL8,IL6,TNF",8.17e-34,5.46e-29,(2022) Enabling Allogeneic T Cell-Based Therapies: Scalable Stirred-Tank Bioreactor Mediated Manufacturing.
PMID,PMID:36300113,13,39,9606,"TGFB1,CCL2,IL2,IL4,IL5,IL1B,IL9,CCL11,IL13,CXCL10,CXCL8,IL6,TNF","TGFB1,CCL2,IL2,IL4,IL5,IL1B,IL9,CCL11,IL13,CXCL10,CXCL8,IL6,TNF",8.17e-34,5.46e-29,(2022) Could inflammation contribute to salivary gland dysfunction in patients with chronic heart failure?
PMID,PMID:36439158,13,39,9606,"TGFB1,CCL2,IL2,IL4,IL5,IL1B,IL9,CCL11,IL13,CXCL10,CXCL8,IL6,TNF","TGFB1,CCL2,IL2,IL4,IL5,IL1B,IL9,CCL11,IL13,CXCL10,CXCL8,IL6,TNF",8.17e-34,5.46e-29,"(2022) Gut microbiota composition reflects disease progression, severity and outcome, and dysfunctional immune responses in patients with hypertensive intracerebral hemorrhage."
PMID,PMID:34938289,13,39,9606,"CCL2,IL2,IL4,IL5,IL1RN,IL1B,IL9,CCL11,IL13,CXCL10,CXCL8,IL6,TNF","CCL2,IL2,IL4,IL5,IL1RN,IL1B,IL9,CCL11,IL13,CXCL10,CXCL8,IL6,TNF",8.17e-34,5.46e-29,(2021) Longitudinal Cytokine Profile in Patients With Mild to Critical COVID-19.
PMID,PMID:33035643,13,39,9606,"TGFB1,CCL2,IL2,IL4,IL5,IL1B,IL9,CCL11,IL13,CXCL10,CXCL8,IL6,TNF","TGFB1,CCL2,IL2,IL4,IL5,IL1B,IL9,CCL11,IL13,CXCL10,CXCL8,IL6,TNF",8.17e-34,5.46e-29,(2020) Emergence and molecular mechanisms of SARS-CoV-2 and HIV to target host cells and potential therapeutics.
PMID,PMID:33240107,13,39,9606,"TGFB1,CCL2,IL2,IL4,IL5,IL1B,IL9,CCL11,IL13,CXCL10,CXCL8,IL6,TNF","TGFB1,CCL2,IL2,IL4,IL5,IL1B,IL9,CCL11,IL13,CXCL10,CXCL8,IL6,TNF",8.17e-34,5.46e-29,(2020) Novel Potential Biomarker of Adult Cardiac Surgery-Associated Acute Kidney Injury.
PMID,PMID:25956139,13,39,9606,"TGFB1,CCL2,IL2,IL4,IL5,IL1B,IL9,CCL11,IL13,CXCL10,CXCL8,IL6,TNF","TGFB1,CCL2,IL2,IL4,IL5,IL1B,IL9,CCL11,IL13,CXCL10,CXCL8,IL6,TNF",8.17e-34,5.46e-29,(2015) Lower concentrations of chemotactic cytokines and soluble innate factors in the lower female genital tract associated with the use of injectable hormonal contraceptive.
PMID,PMID:36036769,13,40,9606,"CCL2,IL2,IL4,IL5,IL1RN,IL1B,IL9,CCL11,IL13,CXCL10,CXCL8,IL6,TNF","CCL2,IL2,IL4,IL5,IL1RN,IL1B,IL9,CCL11,IL13,CXCL10,CXCL8,IL6,TNF",1.08e-33,6.63e-29,(2023) The diagnostic importance of multiple cytokines in adult hemophagocytic lymphohistiocytosis.
PMID,PMID:33239396,13,40,9606,"CCL2,IL2,IL4,IL5,IL1RN,IL1B,IL9,CCL11,IL13,CXCL10,CXCL8,IL6,TNF","CCL2,IL2,IL4,IL5,IL1RN,IL1B,IL9,CCL11,IL13,CXCL10,CXCL8,IL6,TNF",1.08e-33,6.63e-29,"(2021) Deep metagenomics examines the oral microbiome during dental caries, revealing novel taxa and co-occurrences with host molecules."
PMID,PMID:29394269,13,40,9606,"CCL2,IL2,IL4,IL5,IL1RN,IL1B,IL9,CCL11,IL13,CXCL10,CXCL8,IL6,TNF","CCL2,IL2,IL4,IL5,IL1RN,IL1B,IL9,CCL11,IL13,CXCL10,CXCL8,IL6,TNF",1.08e-33,6.63e-29,(2018) Tuberculous meningitis is associated with higher cerebrospinal HIV-1 viral loads compared to other HIV-1-associated meningitides.
PMID,PMID:26980480,13,40,9606,"TGFB1,CCL2,IL2,IL4,IL5,IL1B,IL9,CCL11,IL13,CXCL10,CXCL8,IL6,TNF","TGFB1,CCL2,IL2,IL4,IL5,IL1B,IL9,CCL11,IL13,CXCL10,CXCL8,IL6,TNF",1.08e-33,6.63e-29,(2016) Human papillomavirus type 16 viral load is decreased following a therapeutic vaccination.
PMID,PMID:22197967,13,40,9606,"TGFB1,CCL2,IL2,IL4,IL5,IL1B,IL9,CCL11,IL13,CXCL10,CXCL8,IL6,TNF","TGFB1,CCL2,IL2,IL4,IL5,IL1B,IL9,CCL11,IL13,CXCL10,CXCL8,IL6,TNF",1.08e-33,6.63e-29,(2012) Plasma cytokine levels in children with autistic disorder and unrelated siblings.
PMID,PMID:37686245,13,41,9606,"CCL2,IL2,IL4,IL5,IL1RN,IL1B,IL9,CCL11,IL13,CXCL10,CXCL8,IL6,TNF","CCL2,IL2,IL4,IL5,IL1RN,IL1B,IL9,CCL11,IL13,CXCL10,CXCL8,IL6,TNF",1.43e-33,8.240000000000001e-29,(2023) Studies on the Role of Compartmentalized Profiles of Cytokines in the Risk of Hepatocellular Carcinoma.
PMID,PMID:35281018,13,41,9606,"CCL2,IL2,IL4,IL5,IL1RN,IL1B,IL9,CCL11,IL13,CXCL10,CXCL8,IL6,TNF","CCL2,IL2,IL4,IL5,IL1RN,IL1B,IL9,CCL11,IL13,CXCL10,CXCL8,IL6,TNF",1.43e-33,8.240000000000001e-29,(2022) Circulating Donor-Specific Anti-HLA Antibodies Associate With Immune Activation Independent of Kidney Transplant Histopathological Findings.
PMID,PMID:35335674,13,41,9606,"TGFB1,CCL2,IL2,IL4,IL5,IL1B,IL9,CCL11,IL13,CXCL10,CXCL8,IL6,TNF","TGFB1,CCL2,IL2,IL4,IL5,IL1B,IL9,CCL11,IL13,CXCL10,CXCL8,IL6,TNF",1.43e-33,8.240000000000001e-29,(2022) Protein Concentrations in Stored Pooled Platelet Concentrates Treated with Pathogen Inactivation by Amotosalen Plus Ultraviolet a Illumination.
PMID,PMID:32742654,13,41,9606,"CCL2,IL2,IL4,IL5,IL1RN,IL1B,IL9,CCL11,IL13,CXCL10,CXCL8,IL6,TNF","CCL2,IL2,IL4,IL5,IL1RN,IL1B,IL9,CCL11,IL13,CXCL10,CXCL8,IL6,TNF",1.43e-33,8.240000000000001e-29,(2020) Associations of viral ribonucleic acid (RNA) shedding patterns with clinical illness and immune responses in Severe Acute Respiratory Syndrome Coronavirus 2 (SARS-CoV-2) infection.
PMID,PMID:33370317,13,41,9606,"TGFB1,CCL2,IL2,IL4,IL5,IL1B,IL9,CCL11,IL13,CXCL10,CXCL8,IL6,TNF","TGFB1,CCL2,IL2,IL4,IL5,IL1B,IL9,CCL11,IL13,CXCL10,CXCL8,IL6,TNF",1.43e-33,8.240000000000001e-29,(2020) Correlation analysis of the proportion of monocytic myeloid-derived suppressor cells in colorectal cancer patients.
PMID,PMID:29480896,13,41,9606,"TGFB1,CCL2,IL2,IL4,IL5,IL1B,IL9,CCL11,IL13,CXCL10,CXCL8,IL6,TNF","TGFB1,CCL2,IL2,IL4,IL5,IL1B,IL9,CCL11,IL13,CXCL10,CXCL8,IL6,TNF",1.43e-33,8.240000000000001e-29,"(2018) From patients with arthralgia, pre-RA and recently diagnosed RA: what is the current status of understanding RA pathogenesis?"
PMID,PMID:23925377,13,41,9606,"TGFB1,CCL2,IL2,IL4,IL5,IL1B,IL9,CCL11,IL13,CXCL10,CXCL8,IL6,TNF","TGFB1,CCL2,IL2,IL4,IL5,IL1B,IL9,CCL11,IL13,CXCL10,CXCL8,IL6,TNF",1.43e-33,8.240000000000001e-29,(2013) Safety and immunological responses to human mesenchymal stem cell therapy in difficult-to-treat HIV-1-infected patients.
PMID,PMID:21748755,13,41,9606,"TGFB1,CCL2,IL2,IL4,IL5,IL1B,IL9,CCL11,IL13,CXCL10,CXCL8,IL6,TNF","TGFB1,CCL2,IL2,IL4,IL5,IL1B,IL9,CCL11,IL13,CXCL10,CXCL8,IL6,TNF",1.43e-33,8.240000000000001e-29,(2012) Lenalidomide modulates IL-8 and anti-prostate antibody levels in men with biochemically recurrent prostate cancer.
PMID,PMID:35661021,14,83,9606,"TGFB1,CCL2,IL2,IL4,IL5,IL1RN,IL1B,IL9,CCL11,IL13,CXCL10,CXCL8,IL6,TNF","TGFB1,CCL2,IL2,IL4,IL5,IL1RN,IL1B,IL9,CCL11,IL13,CXCL10,CXCL8,IL6,TNF",1.83e-33,9.71e-29,(2022) Blood and Cerebrospinal Fluid Biomarkers of Inflammation in Parkinsons Disease.
PMID,PMID:36361627,13,42,9606,"TGFB1,CCL2,IL2,IL4,IL5,IL1B,IL9,CCL11,IL13,CXCL10,CXCL8,IL6,TNF","TGFB1,CCL2,IL2,IL4,IL5,IL1B,IL9,CCL11,IL13,CXCL10,CXCL8,IL6,TNF",1.87e-33,9.8e-29,(2022) Differences in Synovial Cytokine Profile Associated with Long-Term Clinical Outcomes in Patients with Knee Osteoarthritis Undergoing Corrective Osteotomy with Platelet-Rich Plasma or Stromal Vascular Fraction Post-Treatments.
PMID,PMID:34113444,13,42,9606,"TGFB1,CCL2,IL2,IL4,IL5,IL1B,IL9,CCL11,IL13,CXCL10,CXCL8,IL6,TNF","TGFB1,CCL2,IL2,IL4,IL5,IL1B,IL9,CCL11,IL13,CXCL10,CXCL8,IL6,TNF",1.87e-33,9.8e-29,(2021) Detection of cytokine storm in patients with achalasia using ELISA.
PMID,PMID:29867915,13,42,9606,"TGFB1,CCL2,IL2,IL4,IL5,IL1B,IL9,CCL11,IL13,CXCL10,CXCL8,IL6,TNF","TGFB1,CCL2,IL2,IL4,IL5,IL1B,IL9,CCL11,IL13,CXCL10,CXCL8,IL6,TNF",1.87e-33,9.8e-29,(2018) Human Properdin Modulates Macrophage: Mycobacterium bovis BCG Interaction via Thrombospondin Repeats 4 and 5.
RCTM,HSA-449147,14,453,9606,"TGFB1,CCL2,IL2,IL4,IL5,IL1RN,IL1B,IL9,CCL11,IL13,CXCL10,CXCL8,IL6,TNF","TGFB1,CCL2,IL2,IL4,IL5,IL1RN,IL1B,IL9,CCL11,IL13,CXCL10,CXCL8,IL6,TNF",1.4499999999999998e-23,3.3e-20,Signaling by Interleukins
RCTM,HSA-6785807,9,107,9606,"TGFB1,CCL2,IL4,IL1B,CCL11,IL13,CXCL8,IL6,TNF","TGFB1,CCL2,IL4,IL1B,CCL11,IL13,CXCL8,IL6,TNF",1.2e-17,9.17e-15,Interleukin-4 and Interleukin-13 signaling
RCTM,HSA-6783783,7,45,9606,"CCL2,IL1RN,IL1B,CXCL10,CXCL8,IL6,TNF","CCL2,IL1RN,IL1B,CXCL10,CXCL8,IL6,TNF",1.97e-15,1.13e-12,Interleukin-10 signaling
RCTM,HSA-380108,4,57,9606,"CCL2,CCL11,CXCL10,CXCL8","CCL2,CCL11,CXCL10,CXCL8",8.11e-08,3.09e-05,Chemokine receptors bind chemokines
RCTM,HSA-446652,4,149,9606,"IL4,IL1RN,IL1B,IL13","IL4,IL1RN,IL1B,IL13",3.29e-06,0.0011,Interleukin-1 family signaling
RCTM,HSA-451927,3,44,9606,"IL2,IL5,IL9","IL2,IL5,IL9",4.54e-06,0.0013,Interleukin-2 family signaling
RCTM,HSA-162582,9,2540,9606,"TGFB1,CCL2,IL2,IL5,CCL11,CXCL10,CXCL8,IL6,TNF","TGFB1,CCL2,IL2,IL5,CCL11,CXCL10,CXCL8,IL6,TNF",1.08e-05,0.0025,Signal Transduction
RCTM,HSA-9012546,2,8,9606,"IL4,IL13","IL4,IL13",2.1e-05,0.0044,Interleukin-18 signaling
RCTM,HSA-380994,2,27,9606,"CCL2,CXCL8","CCL2,CXCL8",0.00019,0.033,ATF4 activates genes in response to endoplasmic reticulum  stress
RCTM,HSA-912526,2,27,9606,"IL2,IL5","IL2,IL5",0.00019,0.033,Interleukin receptor SHC signaling
WikiPathways,WP5095,14,126,9606,"TGFB1,CCL2,IL2,IL4,IL5,IL1RN,IL1B,IL9,CCL11,IL13,CXCL10,CXCL8,IL6,TNF","TGFB1,CCL2,IL2,IL4,IL5,IL1RN,IL1B,IL9,CCL11,IL13,CXCL10,CXCL8,IL6,TNF",4.260000000000001e-31,3.3299999999999998e-28,Overview of proinflammatory and profibrotic mediators
WikiPathways,WP5285,10,38,9606,"TGFB1,CCL2,IL2,IL4,IL5,IL1B,IL13,CXCL8,IL6,TNF","TGFB1,CCL2,IL2,IL4,IL5,IL1B,IL13,CXCL8,IL6,TNF",2.6699999999999998e-24,1.04e-21,Immune infiltration in pancreatic cancer
WikiPathways,WP3624,10,63,9606,"TGFB1,CCL2,IL4,IL5,IL1B,CCL11,IL13,CXCL8,IL6,TNF","TGFB1,CCL2,IL4,IL5,IL1B,CCL11,IL13,CXCL8,IL6,TNF",2.52e-22,6.57e-20,Lung fibrosis
WikiPathways,WP530,8,26,9606,"TGFB1,IL2,IL4,IL5,IL1B,IL13,IL6,TNF","TGFB1,IL2,IL4,IL5,IL1B,IL13,IL6,TNF",9.59e-20,1.87e-17,Cytokines and inflammatory response
WikiPathways,WP5115,11,218,9606,"CCL2,IL4,IL5,IL1B,IL9,CCL11,IL13,CXCL10,CXCL8,IL6,TNF","CCL2,IL4,IL5,IL1B,IL9,CCL11,IL13,CXCL10,CXCL8,IL6,TNF",1.44e-19,2.25e-17,Network map of SARS-CoV-2 signaling pathway
WikiPathways,WP4891,7,15,9606,"CCL2,IL2,IL1B,CXCL10,CXCL8,IL6,TNF","CCL2,IL2,IL1B,CXCL10,CXCL8,IL6,TNF",2.54e-18,3.31e-16,COVID-19 adverse outcome pathway
WikiPathways,WP2431,9,115,9606,"TGFB1,CCL2,IL2,IL4,IL1B,CXCL10,CXCL8,IL6,TNF","TGFB1,CCL2,IL2,IL4,IL1B,CXCL10,CXCL8,IL6,TNF",2.24e-17,2.5e-15,Spinal cord injury
WikiPathways,WP3893,7,32,9606,"IL4,IL5,IL1B,IL9,IL13,IL6,TNF","IL4,IL5,IL1B,IL9,IL13,IL6,TNF",2.28e-16,2.23e-14,Development and heterogeneity of the ILC family
WikiPathways,WP5088,7,32,9606,"TGFB1,CCL2,IL1B,CXCL10,CXCL8,IL6,TNF","TGFB1,CCL2,IL1B,CXCL10,CXCL8,IL6,TNF",2.28e-16,2.23e-14,Prostaglandin signaling
WikiPathways,WP2328,8,88,9606,"TGFB1,IL2,IL4,IL5,IL1B,IL13,CXCL8,TNF","TGFB1,IL2,IL4,IL5,IL1B,IL13,CXCL8,TNF",6.88e-16,5.38e-14,Allograft rejection
WikiPathways,WP5198,7,43,9606,"TGFB1,IL2,IL4,IL5,IL13,IL6,TNF","TGFB1,IL2,IL4,IL5,IL13,IL6,TNF",1.48e-15,1.05e-13,Inflammatory bowel disease signaling
WikiPathways,WP5174,5,18,9606,"TGFB1,IL4,IL5,IL13,TNF","TGFB1,IL4,IL5,IL13,TNF",2.7e-12,1.76e-10,Ulcerative colitis signaling
WikiPathways,WP5039,6,66,9606,"TGFB1,CCL2,CXCL10,CXCL8,IL6,TNF","TGFB1,CCL2,CXCL10,CXCL8,IL6,TNF",5.63e-12,3.38e-10,SARS-CoV-2 innate immunity evasion and cell-specific immune response
WikiPathways,WP176,6,67,9606,"CCL2,IL2,IL4,IL1B,IL6,TNF","CCL2,IL2,IL4,IL1B,IL6,TNF",6.13e-12,3.42e-10,Folate metabolism
WikiPathways,WP5113,5,31,9606,"CCL2,IL1B,CXCL8,IL6,TNF","CCL2,IL1B,CXCL8,IL6,TNF",3.01e-11,1.57e-09,Antiviral and anti-inflammatory effects of Nrf2 on SARS-CoV-2 pathway
WikiPathways,WP4496,5,33,9606,"TGFB1,IL1RN,IL1B,IL6,TNF","TGFB1,IL1RN,IL1B,IL6,TNF",4e-11,1.95e-09,Signal transduction through IL1R
WikiPathways,WP3617,5,34,9606,"IL2,IL1B,CXCL8,IL6,TNF","IL2,IL1B,CXCL8,IL6,TNF",4.59e-11,2.11e-09,Photodynamic therapy-induced NF-kB survival signaling
WikiPathways,WP4754,7,271,9606,"CCL2,IL1B,IL9,IL13,CXCL8,IL6,TNF","CCL2,IL1B,IL9,IL13,CXCL8,IL6,TNF",3.24e-10,1.41e-08,IL-18 signaling pathway
WikiPathways,WP4484,4,13,9606,"TGFB1,IL2,IL4,IL5","TGFB1,IL2,IL4,IL5",3.77e-10,1.55e-08,Control of immune tolerance by vasoactive intestinal peptide
WikiPathways,WP5083,6,140,9606,"TGFB1,IL4,IL1B,IL13,IL6,TNF","TGFB1,IL4,IL1B,IL13,IL6,TNF",4.26e-10,1.66e-08,Neuroinflammation and glutamatergic signaling
WikiPathways,WP4396,6,154,9606,"TGFB1,CCL2,IL1B,CXCL8,IL6,TNF","TGFB1,CCL2,IL1B,CXCL8,IL6,TNF",7.41e-10,2.75e-08,Nonalcoholic fatty liver disease
WikiPathways,WP706,6,154,9606,"IL1RN,IL1B,IL13,CXCL8,IL6,TNF","IL1RN,IL1B,IL13,CXCL8,IL6,TNF",7.41e-10,2.75e-08,Sudden infant death syndrome (SIDS) susceptibility pathways
WikiPathways,WP5130,5,69,9606,"TGFB1,IL2,IL4,IL1B,IL6","TGFB1,IL2,IL4,IL1B,IL6",1.27e-09,4.3e-08,Th17 cell differentiation pathway
WikiPathways,WP4478,4,19,9606,"IL1B,CXCL8,IL6,TNF","IL1B,CXCL8,IL6,TNF",1.4e-09,4.55e-08,LTF danger signal response pathway
WikiPathways,WP4559,4,28,9606,"TGFB1,CCL2,IL4,CXCL10","TGFB1,CCL2,IL4,CXCL10",5.66e-09,1.77e-07,Interactions between immune cells and microRNAs in tumor microenvironment
WikiPathways,WP4494,4,29,9606,"TGFB1,IL2,IL4,IL5","TGFB1,IL2,IL4,IL5",6.44e-09,1.93e-07,Selective expression of chemokine receptors during T-cell polarization
WikiPathways,WP5055,5,100,9606,"CCL2,IL1B,CXCL8,IL6,TNF","CCL2,IL1B,CXCL8,IL6,TNF",7.5e-09,2.17e-07,Burn wound healing
WikiPathways,WP75,5,102,9606,"IL1B,CXCL10,CXCL8,IL6,TNF","IL1B,CXCL10,CXCL8,IL6,TNF",8.26e-09,2.3e-07,Toll-like receptor signaling pathway
WikiPathways,WP4136,4,43,9606,"CCL2,CXCL10,IL6,TNF","CCL2,CXCL10,IL6,TNF",2.79e-08,7.51e-07,Fibrin complement receptor 3 signaling pathway
WikiPathways,WP2873,4,45,9606,"TGFB1,IL2,IL1B,TNF","TGFB1,IL2,IL1B,TNF",3.31e-08,8.62e-07,Aryl hydrocarbon receptor pathway
WikiPathways,WP1533,4,50,9606,"CCL2,IL1B,IL6,TNF","CCL2,IL1B,IL6,TNF",4.93e-08,1.24e-06,Vitamin B12 metabolism
WikiPathways,WP5222,4,60,9606,"IL2,IL1RN,IL1B,IL6","IL2,IL1RN,IL1B,IL6",9.87e-08,2.41e-06,2q13 copy number variation syndrome
WikiPathways,WP3863,4,62,9606,"IL2,IL4,IL5,TNF","IL2,IL4,IL5,TNF",1.12e-07,2.65e-06,T-cell antigen receptor (TCR) pathway during Staphylococcus aureus infection
WikiPathways,WP5218,4,72,9606,"IL2,IL4,IL6,TNF","IL2,IL4,IL6,TNF",1.98e-07,4.55e-06,Extrafollicular and follicular B cell activation by SARS-CoV-2
WikiPathways,WP4341,4,74,9606,"CCL2,CXCL8,IL6,TNF","CCL2,CXCL8,IL6,TNF",2.2e-07,4.92e-06,"Non-genomic actions of 1,25 dihydroxyvitamin D3"
WikiPathways,WP4462,3,17,9606,"TGFB1,CCL2,IL1B","TGFB1,CCL2,IL1B",3.23e-07,7e-06,Platelet-mediated interactions with vascular and circulating cells
WikiPathways,WP4493,3,17,9606,"CXCL8,IL6,TNF","CXCL8,IL6,TNF",3.23e-07,7e-06,Cells and molecules involved in local acute inflammatory response 
WikiPathways,WP15,4,84,9606,"CCL2,IL1B,IL6,TNF","CCL2,IL1B,IL6,TNF",3.59e-07,7.37e-06,Selenium micronutrient network
WikiPathways,WP4298,4,85,9606,"TGFB1,IL2,IL6,TNF","TGFB1,IL2,IL6,TNF",3.75e-07,7.52e-06,Acute viral myocarditis
WikiPathways,WP3287,3,19,9606,"CXCL8,IL6,TNF","CXCL8,IL6,TNF",4.36e-07,8.51e-06,Overview of nanoparticle effects
WikiPathways,WP69,4,90,9606,"TGFB1,IL1B,IL9,IL6","TGFB1,IL1B,IL9,IL6",4.68e-07,8.91e-06,T-cell receptor signaling pathway
WikiPathways,WP5272,3,24,9606,"CCL2,IL1B,IL6","CCL2,IL1B,IL6",8.26e-07,1.54e-05,LDL- influence on CD14 and TLR4
WikiPathways,WP5284,3,25,9606,"TGFB1,CCL2,CXCL10","TGFB1,CCL2,CXCL10",9.24e-07,1.68e-05,Cell interactions of the pancreatic cancer microenvironment
WikiPathways,WP3851,3,28,9606,"CXCL8,IL6,TNF","CXCL8,IL6,TNF",1.27e-06,2.25e-05,TLR4 signaling and tolerance
WikiPathways,WP453,3,30,9606,"IL2,IL4,IL5","IL2,IL4,IL5",1.54e-06,2.67e-05,Inflammatory response pathway
WikiPathways,WP2882,5,312,9606,"TGFB1,CCL2,IL2,IL1B,TNF","TGFB1,CCL2,IL2,IL1B,TNF",1.85e-06,3.14e-05,Nuclear receptors meta-pathway
WikiPathways,WP4481,3,33,9606,"CXCL8,IL6,TNF","CXCL8,IL6,TNF",2.01e-06,3.34e-05,Resistin as a regulator of inflammation
WikiPathways,WP4329,3,37,9606,"CXCL8,IL6,TNF","CXCL8,IL6,TNF",2.77e-06,4.51e-05,miRNA role in immune response in sepsis
WikiPathways,WP4666,4,150,9606,"TGFB1,CXCL8,IL6,TNF","TGFB1,CXCL8,IL6,TNF",3.37e-06,5.38e-05,Hepatitis B infection
WikiPathways,WP2036,3,42,9606,"CCL2,IL6,TNF","CCL2,IL6,TNF",3.98e-06,6.21e-05,TNF-related weak inducer of apoptosis (TWEAK) signaling pathway
WikiPathways,WP2203,3,47,9606,"CCL11,CXCL8,IL6","CCL11,CXCL8,IL6",5.48e-06,8.39e-05,Thymic stromal lymphopoietin (TSLP) signaling pathway
WikiPathways,WP3646,3,48,9606,"TGFB1,CXCL8,IL6","TGFB1,CXCL8,IL6",5.82e-06,8.74e-05,Hepatitis C and hepatocellular carcinoma
WikiPathways,WP3611,3,50,9606,"IL2,IL6,TNF","IL2,IL6,TNF",6.54e-06,9.64e-05,Photodynamic therapy-induced AP-1 survival signaling
WikiPathways,WP2849,3,54,9606,"IL5,IL1B,IL6","IL5,IL1B,IL6",8.16e-06,0.00012,Hematopoietic stem cell differentiation
WikiPathways,WP5087,5,434,9606,"TGFB1,CCL2,IL1B,CXCL10,IL6","TGFB1,CCL2,IL1B,CXCL10,IL6",9.08e-06,0.00013,Malignant pleural mesothelioma
WikiPathways,WP3865,3,59,9606,"CXCL10,CXCL8,TNF","CXCL10,CXCL8,TNF",1.05e-05,0.00015,Novel intracellular components of RIG-I-like receptor pathway
WikiPathways,WP4655,3,73,9606,"IL1B,CXCL10,IL6","IL1B,CXCL10,IL6",1.94e-05,0.00027,Cytosolic DNA-sensing pathway
WikiPathways,WP4480,2,9,9606,"IL6,TNF","IL6,TNF",2.57e-05,0.00035,Altered glycosylation of MUC1 in tumor microenvironment
WikiPathways,WP5098,3,88,9606,"IL2,IL4,TNF","IL2,IL4,TNF",3.34e-05,0.00044,T-cell activation SARS-CoV-2
WikiPathways,WP231,3,92,9606,"CCL2,IL6,TNF","CCL2,IL6,TNF",3.8e-05,0.00049,TNF-alpha signaling pathway
WikiPathways,WP2355,3,92,9606,"TGFB1,IL2,CXCL8","TGFB1,IL2,CXCL8",3.8e-05,0.00049,Corticotropin-releasing hormone signaling pathway
WikiPathways,WP2813,2,15,9606,"TGFB1,TNF","TGFB1,TNF",6.33e-05,0.0008,Mammary gland development pathway - Embryonic development (Stage 1 of 4)
WikiPathways,WP5063,2,15,9606,"IL2,IL6","IL2,IL6",6.33e-05,0.0008,FOXP3 in COVID-19
WikiPathways,WP5322,3,114,9606,"CXCL10,IL6,TNF","CXCL10,IL6,TNF",7.07e-05,0.00086,CKAP4 signaling pathway map
WikiPathways,WP236,3,130,9606,"TGFB1,IL6,TNF","TGFB1,IL6,TNF",0.0001,0.0012,Adipogenesis
WikiPathways,WP4482,2,21,9606,"IL6,TNF","IL6,TNF",0.00012,0.0014,Vitamin D in inflammatory diseases
WikiPathways,WP4630,3,135,9606,"IL2,IL1B,IL6","IL2,IL1B,IL6",0.00012,0.0014,Measles virus infection
WikiPathways,WP4884,2,21,9606,"CXCL8,IL6","CXCL8,IL6",0.00012,0.0014,Pathogenesis of SARS-CoV-2 mediated by nsp9-nsp10 complex
WikiPathways,WP262,2,23,9606,"CXCL8,TNF","CXCL8,TNF",0.00014,0.0015,Ebstein-Barr virus LMP1 signaling
WikiPathways,WP3599,2,22,9606,"IL6,TNF","IL6,TNF",0.00013,0.0015,Transcription factor regulation in adipogenesis
WikiPathways,WP5046,2,22,9606,"IL1B,IL6","IL1B,IL6",0.00013,0.0015,NAD metabolism in oncogene-induced senescence and mitochondrial dysfunction-associated senescence
WikiPathways,WP2865,2,24,9606,"CCL2,IL1B","CCL2,IL1B",0.00015,0.0016,IL1 and megakaryocytes in obesity
WikiPathways,WP5092,2,27,9606,"CCL2,TNF","CCL2,TNF",0.00019,0.002,Interactions of natural killer cells in pancreatic cancer
WikiPathways,WP5183,2,27,9606,"IL6,TNF","IL6,TNF",0.00019,0.002,SARS-CoV-2 mitochondrial chronic oxidative stress and endothelial dysfunction
WikiPathways,WP4969,2,28,9606,"IL1B,TNF","IL1B,TNF",0.0002,0.0021,RAS and bradykinin pathways in COVID-19
WikiPathways,WP4304,2,30,9606,"IL1B,TNF","IL1B,TNF",0.00023,0.0024,"Oligodendrocyte specification and differentiation, leading to myelin components for CNS"
WikiPathways,WP5316,3,171,9606,"IL2,IL6,TNF","IL2,IL6,TNF",0.00023,0.0024,Primary ovarian insufficiency
WikiPathways,WP727,2,32,9606,"IL1B,TNF","IL1B,TNF",0.00026,0.0026,Monoamine transport
WikiPathways,WP619,2,37,9606,"IL1B,CXCL10","IL1B,CXCL10",0.00034,0.0034,Type II interferon signaling
WikiPathways,WP5078,2,45,9606,"TGFB1,IL6","TGFB1,IL6",0.0005,0.0049,T cell modulation in pancreatic cancer
WikiPathways,WP4008,2,46,9606,"IL1B,TNF","IL1B,TNF",0.00052,0.005,NO/cGMP/PKG mediated neuroprotection
WikiPathways,WP2848,2,47,9606,"TGFB1,IL6","TGFB1,IL6",0.00054,0.0051,Pluripotent stem cell differentiation pathway
WikiPathways,WP286,2,49,9606,"TGFB1,CXCL8","TGFB1,CXCL8",0.00059,0.0055,IL-3 signaling pathway
WikiPathways,WP382,3,245,9606,"TGFB1,IL1B,TNF","TGFB1,IL1B,TNF",0.00065,0.006,MAPK signaling pathway
WikiPathways,WP4747,2,52,9606,"CCL2,TNF","CCL2,TNF",0.00066,0.006,Netrin-UNC5B signaling pathway
WikiPathways,WP2795,2,54,9606,"TGFB1,TNF","TGFB1,TNF",0.00071,0.0064,Cardiac hypertrophic response
WikiPathways,WP560,2,54,9606,"TGFB1,TNF","TGFB1,TNF",0.00071,0.0064,TGF-beta receptor signaling
WikiPathways,WP195,2,55,9606,"CCL2,IL1B","CCL2,IL1B",0.00073,0.0065,IL-1 signaling pathway
WikiPathways,WP2059,3,260,9606,"IL1B,IL6,TNF","IL1B,IL6,TNF",0.00077,0.0067,Alzheimers disease and miRNA effects
WikiPathways,WP5124,3,260,9606,"IL1B,IL6,TNF","IL1B,IL6,TNF",0.00077,0.0067,Alzheimers disease
WikiPathways,WP4816,2,58,9606,"TGFB1,TNF","TGFB1,TNF",0.00081,0.0069,TGF-beta receptor signaling in skeletal dysplasias
WikiPathways,WP2034,2,76,9606,"IL1RN,IL1B","IL1RN,IL1B",0.0014,0.0116,Leptin signaling pathway
WikiPathways,WP5205,2,80,9606,"TGFB1,IL6","TGFB1,IL6",0.0015,0.0126,Clock-controlled autophagy in bone metabolism
WikiPathways,WP4172,3,336,9606,"IL2,IL4,IL6","IL2,IL4,IL6",0.0016,0.0132,PI3K-Akt signaling pathway
WikiPathways,WP1544,2,83,9606,"TGFB1,TNF","TGFB1,TNF",0.0016,0.0133,MicroRNAs in cardiomyocyte hypertrophy
WikiPathways,WP4963,2,90,9606,"CCL2,TNF","CCL2,TNF",0.0019,0.0154,p53 transcriptional gene network
WikiPathways,WP5287,2,98,9606,"CCL2,CCL11","CCL2,CCL11",0.0022,0.0179,17q12 copy number variation syndrome
WikiPathways,WP4659,2,113,9606,"IL2,CXCL8","IL2,CXCL8",0.0029,0.0234,Gastrin signaling pathway
WikiPathways,WP5224,2,135,9606,"IL1B,TNF","IL1B,TNF",0.0041,0.0326,2q37 copy number variation syndrome
WikiPathways,WP289,2,156,9606,"IL1B,IL6","IL1B,IL6",0.0055,0.0426,Myometrial relaxation and contraction pathways
WikiPathways,WP3929,2,165,9606,"CCL11,CXCL10","CCL11,CXCL10",0.0061,0.047,Chemokine signaling pathway
NetworkNeighborAL,CL:15940,8,138,9606,"IL2,IL4,IL5,IL1RN,IL1B,IL9,IL13,IL6","IL2,IL4,IL5,IL1RN,IL1B,IL9,IL13,IL6",2.16e-14,9.87e-11,"JAK-STAT signaling pathway, and Interleukin-1 family"
NetworkNeighborAL,CL:15943,6,98,9606,"IL2,IL4,IL5,IL9,IL13,IL6","IL2,IL4,IL5,IL9,IL13,IL6",5.41e-11,7e-08,JAK-STAT signaling pathway
NetworkNeighborAL,CL:15946,5,34,9606,"IL2,IL4,IL5,IL9,IL13","IL2,IL4,IL5,IL9,IL13",4.59e-11,7e-08,"Interleukin-2 family signaling, and Interleukins 4 and 13"
NetworkNeighborAL,CL:15736,4,59,9606,"CCL2,CCL11,CXCL10,CXCL8","CCL2,CCL11,CXCL10,CXCL8",9.25e-08,5.29e-05,Chemokine receptors bind chemokines
NetworkNeighborAL,CL:15948,3,17,9606,"IL2,IL4,IL9","IL2,IL4,IL9",3.23e-07,0.00013,"Mixed, incl. Interleukin-2 signaling, and Interleukin 15"
NetworkNeighborAL,CL:15741,3,42,9606,"CCL2,CCL11,CXCL10","CCL2,CCL11,CXCL10",3.98e-06,0.0015,Chemokine receptors bind chemokines
NetworkNeighborAL,CL:16155,2,5,9606,"IL1RN,IL1B","IL1RN,IL1B",9.82e-06,0.0026,"Interleukin-1 conserved site, and Interleukin-1 receptor type 1"
NetworkNeighborAL,CL:15951,2,11,9606,"IL2,IL4","IL2,IL4",3.64e-05,0.0092,"Interleukin-2 signaling, and Interleukins 4 and 13"
NetworkNeighborAL,CL:15746,2,15,9606,"CCL2,CXCL10","CCL2,CXCL10",6.33e-05,0.0145,"CXC Chemokine domain, and Regulation of dendritic cell dendrite assembly"
